group,playlist_name,provider_name,provider_tvg_id,output_tvg_id,programme_count,current_count,future_count,current_mode,status
Кино,Вселенная Marvel,Вселенная Marvel,,,0,0,0,,NO_MAPPING
Кино,Твой кинотеатр,Твой кинотеатр,,,0,0,0,,NO_MAPPING
Кино,Звёздные войны,Звёздные войны,,,0,0,0,,NO_MAPPING
Кино,Гарри Поттер,Гарри Поттер,,,0,0,0,,NO_MAPPING
Кино,Viasat Kino HD,Viasat Kino HD,Xtv1000-cee,Xtv1000-cee,79,1,13,EPG,OK
Кино,Viasat Kino Action HD,Viasat Kino Action HD,Xtv1000-action-cee,Xtv1000-action-cee,90,1,15,EPG,OK
Кино,Viasat Kino Comedy HD,Viasat Kino Comedy HD,Xvip-comedy-cee,Xvip-comedy-cee,85,1,13,EPG,OK
Кино,Viasat Kino World,Viasat Kino World,Xtv1000-worldkino,Xtv1000-worldkino,94,1,15,EPG,OK
Кино,Viju TV1000,Viju TV1000,Xtv1000,Xtv1000,101,1,21,EPG,OK
Кино,Viju TV1000 HD,Viju TV1000 HD,Xtv1000,Xtv1000,101,1,21,EPG,OK
Кино,Viju TV1000 Action,Viju TV1000 Action,Xtv1000-action,Xtv1000-action,96,1,21,EPG,OK
Кино,Viju TV1000 Action HD,Viju TV1000 Action HD,Xtv1000-action,Xtv1000-action,96,1,21,EPG,OK
Кино,Viju TV1000 Новелла,Viju TV1000 Новелла,Xviju-tv1000-novella,Xviju-tv1000-novella,94,1,17,EPG,OK
Кино,Viju TV1000 Русское кино HD,Viju TV1000 Русское кино HD,Xtv1000-russkoe-kino,Xtv1000-russkoe-kino,124,1,30,EPG,OK
Кино,Viju TV1000 Русское кино,Viju TV1000 Русское кино,Xtv1000-russkoe-kino,Xtv1000-russkoe-kino,124,1,30,EPG,OK
Кино,Viju+ Comedy HD,Viju+ Comedy HD,Xvip-comedy,Xvip-comedy,106,1,23,EPG,OK
Кино,Viju+ Megahit HD,Viju+ Megahit HD,Xvip-megahit,Xvip-megahit,102,1,20,EPG,OK
Кино,Viju+ Premiere HD,Viju+ Premiere HD,Xvip-premiere,Xvip-premiere,103,1,23,EPG,OK
Кино,Душевное HD,Душевное HD,Xdushevnoe-hd,Xdushevnoe-hd,146,1,27,EPG,OK
Кино,Наше крутое HD,Наше крутое HD,Xnash-detektiv,Xnash-detektiv,121,1,22,EPG,OK
Кино,Наше любимое HD,Наше любимое HD,Xnashe-lubimoe,Xnashe-lubimoe,128,1,22,EPG,OK
Кино,Наш Кинопоказ HD,Наш Кинопоказ HD,Xnash-kinopokaz,Xnash-kinopokaz,133,1,25,EPG,OK
Кино,KION Хит,KION Хит,Xkion-xit,Xkion-xit,193,1,32,EPG,OK
Кино,Блокбастер HD,Блокбастер HD,Xblokbaster,Xblokbaster,94,1,20,EPG,OK
Кино,Остросюжетное HD,Остросюжетное HD,Xostrosiuzhetnoe-hd,Xostrosiuzhetnoe-hd,150,1,32,EPG,OK
Кино,Страшное HD,Страшное HD,Xstrashnoe-hd,Xstrashnoe-hd,122,1,28,EPG,OK
Кино,Киноужас HD,Киноужас HD,Xkinouzhas,Xkinouzhas,91,1,18,EPG,OK
Кино,Про Любовь HD,Про Любовь HD,Xpro-lyubov,Xpro-lyubov,101,1,22,EPG,OK
Кино,Премиальное HD,Премиальное HD,Xkinopremium-hd,Xkinopremium-hd,377,3,320,EPG,OK
Кино,Кинопремьера HD,Кинопремьера HD,Xkinopremiera-hd,Xkinopremiera-hd,98,1,21,EPG,OK
Кино,Камеди HD,Камеди HD,Xkamedi,Xkamedi,119,1,26,EPG,OK
Кино,Кинохит,Кинохит,Xkinoxit,Xkinoxit,91,1,20,EPG,OK
Кино,Киносемья,Киносемья,Xkinosemiya,Xkinosemiya,107,1,25,EPG,OK
Кино,Киносемья HD,Киносемья HD,Xkinosemiya,Xkinosemiya,107,1,25,EPG,OK
Кино,Киносвидание,Киносвидание,Xkinosvidanie,Xkinosvidanie,92,1,20,EPG,OK
Кино,Кинокомедия,Кинокомедия,Xkinokomedia,Xkinokomedia,90,1,19,EPG,OK
Кино,Криминальное HD,Криминальное HD,Xkriminalnoe-hd,Xkriminalnoe-hd,270,1,56,EPG,OK
Кино,Шокирующее,Шокирующее,Xshokiruyushchee-hd,Xshokiruyushchee-hd,105,1,22,EPG,OK
Кино,Комедийное,Комедийное,Xkomedijnoe-hd,Xkomedijnoe-hd,100,1,22,EPG,OK
Кино,Premium HD,Premium HD,Xpremium-hd,premium-hd,73,1,46,EPG,OK
Кино,Premiere HD,Premiere HD,Xpremiere-hd,Xpremiere-hd,85,1,57,EPG,OK
Кино,VHS HD,VHS HD,Xvhshd,,0,0,0,,NO_MAPPING
Кино,Thriller HD,Thriller HD,Xthriller-hd,,0,0,0,,NO_MAPPING
Кино,РуКино HD,РуКино HD,Xrukino-hd,,0,0,0,,NO_MAPPING
Кино,Paradise HD,Paradise HD,Xparadise-hd,Xparadise-hd,89,1,58,EPG,OK
Кино,Victory HD,Victory HD,Xvictory-hd,Xvictory-hd,142,1,93,EPG,OK
USSR,USSR HD,USSR HD,Xussr-premieregroup,Xussr-premieregroup,87,1,60,EPG,OK
Кино,Paradox HD,Paradox HD,Xparadox-hd,Xparadox-hd,80,1,54,EPG,OK
Кино,Insomnia HD,Insomnia HD,Xinsomnia-hd,,0,0,0,,NO_MAPPING
Кино,AMEDIA 1 HD,AMEDIA 1 HD,Xamedia1,Xamedia1,210,1,55,EPG,OK
Кино,Amedia 1,Amedia 1,Xamedia1,Xamedia1,210,1,55,EPG,OK
Кино,Amedia 2,Amedia 2,Xamedia2,Xamedia2,164,1,41,EPG,OK
Кино,AMEDIA Premium HD,AMEDIA Premium HD,Xamedia-premium,Xamedia-premium,237,1,59,EPG,OK
Кино,Amedia premium,Amedia premium,Xamedia-premium,Xamedia-premium,237,1,59,EPG,OK
Кино,.black,.black,Xsony-turbo,Xsony-turbo,174,1,35,EPG,OK
Кино,.red SD,.red SD,Xsony-enter,Xsony-enter,185,1,32,EPG,OK
Кино,.red HD,.red HD,Xsony-tv,Xsony-tv,190,1,29,EPG,OK
Кино,.sci-fi,.sci-fi,Xsony-scifi,Xsony-scifi,186,1,47,EPG,OK
Кино,Premiere HD 1,Premiere HD 1,Xpremierehd1,Xpremierehd1,90,1,13,EPG,OK
Кино,Premiere HD 2,Premiere HD 2,Xpremierehd2,Xpremierehd2,105,1,21,EPG,OK
Кино,Premiere HD 3,Premiere HD 3,Xpremierehd3,Xpremierehd3,100,1,18,EPG,OK
Кино,Premiere HD 4,Premiere HD 4,Xpremierehd4,Xpremierehd4,78,1,24,EPG,OK
Кино,Bollywood HD,Bollywood HD,Xbollywood-hd,Xbollywood-hd,78,1,17,EPG,OK
Кино,Hollywood HD,Hollywood HD,Xhollywood-hd,hollywood-hd,117,1,14,EPG,OK
Кино,TV XXI,TV XXI,Xtvxxi,Xtvxxi,91,1,20,EPG,OK
Кино,Epic,Epic,Xepic,Xepic,178,1,38,EPG,OK
Кино,Epic Media Love,Epic Media Love,,,0,0,0,,NO_MAPPING
Кино,Epic Media,Epic Media,,,0,0,0,,NO_MAPPING
Кино,НТВ Сериал HD,НТВ Сериал HD,Xntv-serial,Xntv-serial,210,1,44,EPG,OK
Кино,Кинопоказ,Кинопоказ,Xkinopokaz,Xkinopokaz,109,1,24,EPG,OK
Кино,Киносат,Киносат,Xkinosat,Xkinosat,108,1,25,EPG,OK
Кино,Кино ТВ HD,Кино ТВ HD,Xkino-tv,Xkino-tv,95,1,22,EPG,OK
Кино,4ever Theater HD,4ever Theater HD,X4ever-theater,X4ever-theater,34,1,12,EPG,OK
Кино,4ever Cinema HD,4ever Cinema HD,X4ever-cinema,X4ever-cinema,35,1,12,EPG,OK
Кино,4ever Drama HD,4ever Drama HD,X4ever-drama,X4ever-drama,35,1,12,EPG,OK
Кино,Киножелезо HD,Киножелезо HD,no_epg_cinema,okko-tv,309,1,1,EPG,OK
Кино,Kinowood,Kinowood,Xkinowood,Xkinowood,92,1,15,EPG,OK
Кино,Детское Кино International,Детское Кино International,,6261,270,1,144,EPG,OK
Кино,BEST Films HD,BEST Films HD,,Best Films,81,1,64,EPG,OK
Кино,Кинодром,Кинодром,,,0,0,0,,NO_MAPPING
Кино,Воен ТВ,Воен ТВ,Xvoentv-by,Xvoentv-by,109,1,18,EPG,OK
Кино,Кино 1 international,Кино 1 international,,kino1int-tviksel,95,1,0,EPG,NO_NEXT_PROGRAMME
Кино,Окко ТВ HD,Окко ТВ HD,,Okko TV,139,1,33,EPG,OK
Кино,НТВ Сериал Балабол,НТВ Сериал Балабол,no_epg_cinema,,0,0,0,,NO_MAPPING
Кино,Тех Лет ТВ,Тех Лет ТВ,,Тех Лет ТВ,84,2,62,EPG,OK
Кино,Муви ТВ,Муви ТВ,Xmuvitv,Xmuvitv,66,1,10,EPG,OK
Кино,Ужасы HD,Ужасы HD,,Ужасы HD,38,2,2,EPG,OK
Кино,Тайна,Тайна,,tayna,176,1,34,EPG,OK
Кино,Киноман,Киноман,,Xkinosat,108,1,25,EPG,OK
Кино,Киносезон,Киносезон,,kinosezon,188,1,38,EPG,OK
Кино,Кино 24/7,Кино 24/7,,,0,0,0,,NO_MAPPING
Кино,Кино Топ,Кино Топ,,,0,0,0,,NO_MAPPING
Кино,Лента Кино,Лента Кино,,,0,0,0,,NO_MAPPING
Кино,Детектив HD,Детектив HD,,,0,0,0,,NO_MAPPING
Кино,Киножелезо HD,Киножелезо HD,,okko-tv,309,1,1,EPG,OK
Кино,Кинолаффка HD,Кинолаффка HD,,,0,0,0,,NO_MAPPING
Кино,Кино и Жизнь,Кино и Жизнь,,kino-i-zhizn,134,0,0,,NO_CURRENT_PROGRAMME;NO_NEXT_PROGRAMME
Кино,Star Media,Star Media,,,0,0,0,,NO_MAPPING
Кино,VHS-ка Сериал,VHS-ка Сериал,Xvhska-serial,Xvhska-serial,163,1,22,EPG,OK
Кино,VHS-ка русское кино,VHS-ка русское кино,,4k-ruskino,109,1,16,EPG,OK
Кино,VHS-ка HD,VHS-ка HD,Xvhs-ka,Xvhs-ka,88,1,13,EPG,OK
Кино,Amazon Prime Romance,Amazon Prime Romance,,,0,0,0,,NO_MAPPING
Кино,Честный Детектив,Честный Детектив,Xchestny-detektiv,Xchestny-detektiv,105,0,0,,NO_CURRENT_PROGRAMME;NO_NEXT_PROGRAMME
Кино,Plan B,Plan B,Xplan-b,Xplan-b,115,1,27,EPG,OK
Кино,Легенда,Легенда,Xkonny-mir,Xkonny-mir,100,1,14,EPG,OK
Кино,Киноджем 1 HD,Киноджем 1 HD,Xkinojam1,Xkinojam1,130,1,24,EPG,OK
Кино,Киноджем 2 HD,Киноджем 2 HD,Xkinojam2,Xkinojam2,112,1,27,EPG,OK
Кино,FamilyJam,FamilyJam,Xfamilyjam,Xfamilyjam,94,1,14,EPG,OK
Кино,Go3 Films,Go3 Films,Xtv1000-premium,Xtv1000-premium,82,1,13,EPG,OK
Кино,FilmZone,FilmZone,Xfilmzone,Xfilmzone,98,1,13,EPG,OK
Кино,FilmZone Plus,FilmZone Plus,Xfilmzone-plus-lt,Xfilmzone-plus-lt,98,1,13,EPG,OK
Кино,FilmBox+ One,FilmBox+ One,Xfilmbox-ru,Xfilmbox-ru,114,1,25,EPG,OK
Кино,FilmBox+ festival,FilmBox+ festival,Xfilmbox-arthouse,Xfilmbox-arthouse,120,1,22,EPG,OK
Кино,Дорама,Дорама,Xdorama,Xdorama,133,1,23,EPG,OK
Кино,Star Cinema HD,Star Cinema HD,Xstar-cinema-ua,Xstar-cinema-ua,70,1,11,EPG,OK
Кино,Star Cinema,Star Cinema,Xstar-cinema-ua,Xstar-cinema-ua,70,1,11,EPG,OK
Кино,Star Family HD,Star Family HD,Xstar-family-ua,,0,0,0,,NO_MAPPING
Кино,Кинодрама,Кинодрама,Xq-kino-hit,Xq-kino-hit,223,1,36,EPG,OK
Кино,Семейное Кино,Семейное Кино,Xsemejnoe-kino-kz,Xsemejnoe-kino-kz,87,1,15,EPG,OK
Кино,Премиум Кино,Премиум Кино,Xpremium-kino-kz,Xpremium-kino-kz,78,1,11,EPG,OK
Кино,Кинобоевик,Кинобоевик,Xkinoboevik-kz,Xkinoboevik-kz,83,1,15,EPG,OK
Кино,Мировое Кино,Мировое Кино,Xmirovoe-kino-kz,Xmirovoe-kino-kz,83,1,13,EPG,OK
Кино,Романтичное HD,Романтичное HD,Xromantichnoe,Xromantichnoe,178,1,30,EPG,OK
Кино,Bolt HD,Bolt HD,Xbolt-ru,Xbolt-ru,201,1,43,EPG,OK
Кино,KinoLiving HD,KinoLiving HD,Xkinoliving,Xkinoliving,144,1,30,EPG,OK
Кино,Kino 24,Kino 24,Xkino-24,Xkino-24,100,1,23,EPG,OK
Кино,Start World HD,Start World HD,Xstart-world,Xstart-world,270,1,43,EPG,OK
Кино,Start World,Start World,Xstart-world,Xstart-world,270,1,43,EPG,OK
Кино,Start Air HD,Start Air HD,Xstart-air,Xstart-air,186,1,47,EPG,OK
Кино,Start Air,Start Air,Xstart-air,Xstart-air,186,1,47,EPG,OK
Кино,САПФИР,САПФИР,Xsapfir,Xsapfir,197,1,43,EPG,OK
Кино,Родное кино,Родное кино,Xrodnoe-kino,Xrodnoe-kino,109,1,22,EPG,OK
Кино,Дом Кино,Дом Кино,Xdomkino,Xdomkino,70,1,22,EPG,OK
Кино,Дом кино премиум HD,Дом кино премиум HD,Xdomkino-premium,Xdomkino-premium,93,1,17,EPG,OK
Кино,Еврокино,Еврокино,Xevrokino,Xevrokino,110,1,25,EPG,OK
Кино,Русский роман,Русский роман,Xrussky-roman,Xrussky-roman,67,1,12,EPG,OK
Кино,Русский Иллюзион,Русский Иллюзион,Xrussky-illuzion,Xrussky-illuzion,106,1,24,EPG,OK
USSR,Мосфильм. Золотая коллекция,Мосфильм. Золотая коллекция,Xmosfilm,Xmosfilm,133,1,21,EPG,OK
USSR,Мосфильм HD,Мосфильм HD,Xmosfilm,Xmosfilm,133,1,21,EPG,OK
Кино,Иллюзион +,Иллюзион +,Xilluzion-plus,Xilluzion-plus,92,1,20,EPG,OK
Кино,Мужское кино,Мужское кино,Xmuzhskoe-kino,Xmuzhskoe-kino,106,1,24,EPG,OK
Кино,Наше новое кино,Наше новое кино,Xnashe-novoe-kino,Xnashe-novoe-kino,94,1,18,EPG,OK
Кино,Trash TV,Trash TV,Xtrashtv,Xtrashtv,165,1,15,EPG,OK
Кино,Советская Киноклассика HD,Советская Киноклассика HD,Xsov-kinklass-hd,Xsov-kinklass-hd,103,1,22,EPG,OK
USSR,Советское кино,Советское кино,Xsov-kinklass,Xsov-kinklass,113,1,26,EPG,OK
Кино,Победа,Победа,Xpobeda,Xpobeda,60,1,8,EPG,OK
Кино,День Победы HD,День Победы HD,Xdenpobedy,Xdenpobedy,137,1,28,EPG,OK
Кино,Комедия,Комедия,Xrusskaya-komedia,Xrusskaya-komedia,117,1,25,EPG,OK
Кино,Русский бестселлер,Русский бестселлер,Xrussky-bestseller,Xrussky-bestseller,191,1,42,EPG,OK
Кино,Русский детектив,Русский детектив,Xrussky-detektiv,Xrussky-detektiv,191,1,41,EPG,OK
Кино,Киномикс,Киномикс,Xkinomiks,Xkinomiks,87,1,19,EPG,OK
Кино,Любимое кино HD,Любимое кино HD,Xlubimoe-kino,Xlubimoe-kino,89,1,19,EPG,OK
Кино,Любимое кино,Любимое кино,Xlubimoe-kino,Xlubimoe-kino,89,1,19,EPG,OK
Кино,Cinema,Cinema,Xcinema-ru,Xcinema-ru,96,1,18,EPG,OK
Кино,Индийское Кино,Индийское Кино,Xindiyskoe-kino,Xindiyskoe-kino,59,1,13,EPG,OK
Кино,ТВ3,ТВ3,Xtv3-ru,Xtv3-ru,191,1,19,EPG,OK
Кино,НСТ,НСТ,Xnst,Xnst,116,1,30,EPG,OK
Кино,Shot TV,Shot TV,Xshot-tv,Xshot-tv,661,1,148,EPG,OK
Кино,FlixSpin,FlixSpin,Xpervy-obrazovatelny,,0,0,0,,NO_MAPPING
Кино,Russian Extreme Ultra HD,Russian Extreme Ultra HD,Xrussian-extreme-uhd,Xrussian-extreme-uhd,159,1,0,EPG,NO_NEXT_PROGRAMME
Кино,Kino 2 HD,Kino 2 HD,,kino2-tviksel,82,1,1,EPG,OK
Кино,Патриот,Патриот,,patriot,133,1,34,EPG,OK
Кино,Новый Русский HD,Новый Русский HD,,,0,0,0,,NO_MAPPING
Кино,Смотрим 100% Классика,Смотрим 100% Классика,,smotrim-100-klassika,62,1,12,EPG,OK
Кино,Смотрим 100% Любовь,Смотрим 100% Любовь,,smotrim-100-lubov,118,1,22,EPG,OK
Кино,Смотрим 100% Факты,Смотрим 100% Факты,,smotrim-100-fakty,129,1,25,EPG,OK
Кино,Смотрим 100% Мужское,Смотрим 100% Мужское,,smotrim-100-muzhskoe,155,1,31,EPG,OK
Кино,Смотрим 100% Праздник,Смотрим 100% Праздник,,smotrim-100-prazdnik,94,1,17,EPG,OK
Кино,Смотрим 100% Детское,Смотрим 100% Детское,,smotrim-100-detskoe,138,1,26,EPG,OK
Кино,Военное кино,Военное кино,,voenkino-tviksel,91,1,0,EPG,NO_NEXT_PROGRAMME
Кино,Мы,Мы,,myy,373,1,65,EPG,OK
Кино,Ретро,Ретро,Xretro-tv,Xretro-tv,185,1,43,EPG,OK
Кино,Timeless Dizi Channel,Timeless Dizi Channel,,timeless-dizi,236,1,47,EPG,OK
Кино,ТСВ,ТСВ,Xtcb,Xtcb,162,1,31,EPG,OK
Кино,Vesna HD,Vesna HD,,vesna,311,1,184,EPG,OK
Кино,9-1-1 HD,9-1-1 HD,,suspense,140,1,39,EPG,OK
Кино,Apple TV Mix,Apple TV Mix,,,0,0,0,,NO_MAPPING
Кино,Apple TV+ Woman's Story,Apple TV+ Woman's Story,Xmovify-kino,Xmovify-kino,92,1,13,EPG,OK
Кино,Apple TV+ Action Time,Apple TV+ Action Time,Xmovify-series,Xmovify-series,126,1,19,EPG,OK
Кино,Amazon Prime Video Men's Club,Amazon Prime Video Men's Club,Xmovify-history,Xmovify-history,111,1,17,EPG,OK
Кино,RED Premium HD,RED Premium HD,,11043,372,1,194,EPG,OK
Кино,Госфильмофонд. Машина времени HD,Госфильмофонд. Машина времени HD,Xgosfilmofond-mv,Xgosfilmofond-mv,284,0,0,,NO_CURRENT_PROGRAMME;NO_NEXT_PROGRAMME
Кино,Кино ВК 1,Кино ВК 1,,,0,0,0,,NO_MAPPING
Кино,Кино ВК 2,Кино ВК 2,,,0,0,0,,NO_MAPPING
Кинозалы,BCU Action HD,BCU Action HD,Xbcu-action,Xbcu-action,71,1,0,EPG,NO_NEXT_PROGRAMME
Кинозалы,BCU Comedy HD,BCU Comedy HD,Xbcu-comedy,Xbcu-comedy,76,1,0,EPG,NO_NEXT_PROGRAMME
Кинозалы,BCU Catastrophe HD,BCU Catastrophe HD,Xbcu-catastrophe,Xbcu-catastrophe,63,0,0,,NO_CURRENT_PROGRAMME;NO_NEXT_PROGRAMME
Кинозалы,BCU Cinema HD,BCU Cinema HD,Xbcu-cinema,Xbcu-cinema,72,1,0,EPG,NO_NEXT_PROGRAMME
Кинозалы,BCU CINEMA+ HD,BCU CINEMA+ HD,Xbcu-cinemaplus,Xbcu-cinemaplus,83,1,0,EPG,NO_NEXT_PROGRAMME
Кинозалы,BCU STARS HD,BCU STARS HD,Xbcu-stars,Xbcu-stars,76,1,1,EPG,OK
Кинозалы,BCU Fantastic HD,BCU Fantastic HD,Xbcu-fantastic,Xbcu-fantastic,66,1,0,EPG,NO_NEXT_PROGRAMME
Кинозалы,BCU Reality HD,BCU Reality HD,Xbcu-reality,Xbcu-reality,66,1,0,EPG,NO_NEXT_PROGRAMME
Кинозалы,BCU FilMystic HD,BCU FilMystic HD,Xbcu-filmystic,Xbcu-filmystic,77,1,0,EPG,NO_NEXT_PROGRAMME
Кинозалы,BCU History HD,BCU History HD,Xbcu-history,Xbcu-history,62,1,0,EPG,NO_NEXT_PROGRAMME
Кинозалы,BCU Kinorating HD,BCU Kinorating HD,Xbcu-kinorating,Xbcu-kinorating,63,1,1,EPG,OK
Кинозалы,BCU Marvel,BCU Marvel,Xbcu-marvel,Xbcu-marvel,69,1,0,EPG,NO_NEXT_PROGRAMME
Кинозалы,BCU Marvel OLD,BCU Marvel OLD,,bcu-marvel,93,1,24,EPG,OK
Кинозалы,BCU Premiere HD,BCU Premiere HD,Xbcu-premiere,Xbcu-premiere,98,1,21,EPG,OK
Кинозалы,BCU Romantic HD,BCU Romantic HD,Xbcu-romantic,Xbcu-romantic,71,1,0,EPG,NO_NEXT_PROGRAMME
Кинозалы,BCU Russian HD,BCU Russian HD,Xbcu-russian,Xbcu-russian,87,1,0,EPG,NO_NEXT_PROGRAMME
Кинозалы,BCU Russia 90s HD,BCU Russia 90s HD,,bcu-russia90s,291,1,1,EPG,OK
Кинозалы,BCU TruMotion HD,BCU TruMotion HD,Xbcu-trumotion,Xbcu-trumotion,69,1,1,EPG,OK
Кинозалы,BCU VHS HD,BCU VHS HD,Xbcu-vhs,Xbcu-vhs,77,1,0,EPG,NO_NEXT_PROGRAMME
Кинозалы,BCU Кинозал Premiere 1 HD,BCU Кинозал Premiere 1 HD,Xbcu-kinozal-prem-1,Xbcu-kinozal-prem-1,105,1,23,EPG,OK
Кинозалы,BCU Кинозал Premiere 2 HD,BCU Кинозал Premiere 2 HD,Xbcu-kinozal-prem-2,Xbcu-kinozal-prem-2,101,1,22,EPG,OK
Кинозалы,BCU Кинозал Premiere 3 HD,BCU Кинозал Premiere 3 HD,Xbcu-kinozal-prem-3,Xbcu-kinozal-prem-3,81,1,17,EPG,OK
Кинозалы,BCU Survival HD,BCU Survival HD,Xbcu-survival,Xbcu-survival,79,1,0,EPG,NO_NEXT_PROGRAMME
Кинозалы,BCU Fantasy HDR,BCU Fantasy HDR,,bcu-fantasy-hdr,72,0,0,,NO_CURRENT_PROGRAMME;NO_NEXT_PROGRAMME
Кинозалы,BCU Family HDR,BCU Family HDR,Xbcu-cosmo,Xbcu-cosmo,82,0,0,,NO_CURRENT_PROGRAMME;NO_NEXT_PROGRAMME
Кинозалы,BCUMEDIA HD,BCUMEDIA HD,,bcu-media,104,1,1,EPG,OK
Кинозалы,BCUMEDIA OLD,BCUMEDIA OLD,,BCUMedia OLD,150,1,133,EPG,OK
Кинозалы,BCU Criminal HD,BCU Criminal HD,Xbcu-criminal,Xbcu-criminal,71,1,1,EPG,OK
Кинозалы,BCU Premiere 1 HDR,BCU Premiere 1 HDR,,bcu-kinozal-prem-1,115,1,23,EPG,OK
Кинозалы,BCU NEW MEDIA 2,BCU NEW MEDIA 2,,bcu-action,76,1,0,EPG,NO_NEXT_PROGRAMME
Кинозалы,BCU Premiere 2 HDR,BCU Premiere 2 HDR,,bcu-kinozal-prem-2,110,1,22,EPG,OK
Кинозалы,BCU Fantastic HDR,BCU Premiere 3 HDR,Xbcu-media-3-hdr,Xbcu-media-3-hdr,71,1,1,EPG,OK
Кинозалы,BCU Reality OLD,BCU Reality OLD,,bcu-reality,100,1,27,EPG,OK
Кинозалы,BCU Comedy OLD,BCU Comedy OLD,,bcu-comedy,82,1,0,EPG,NO_NEXT_PROGRAMME
Кинозалы,BCU Survival OLD,BCU Survival OLD,,bcu-survival,119,1,32,EPG,OK
Кинозалы,BCU Romantic OLD,BCU Romantic OLD,,bcu-romantic,91,1,12,EPG,OK
Кинозалы,BCU Premiere HDR,BCU Premiere HDR,,Xbcu-premiere,98,1,21,EPG,OK
Кинозалы,BCU Fantastic HDR,BCU Fantastic HDR,,Xbcu-fantastic,66,1,0,EPG,NO_NEXT_PROGRAMME
Кинозалы,BCU Cosmo HDR,BCU Cosmo HDR,,bcu-cosmo-hdr,72,1,0,EPG,NO_NEXT_PROGRAMME
Кинозалы,BCU Action HDR,BCU Action HDR,,Xbcu-action,71,1,0,EPG,NO_NEXT_PROGRAMME
Кинозалы,BCU FilMystic HDR,BCU FilMystic HDR,,Xbcu-filmystic,77,1,0,EPG,NO_NEXT_PROGRAMME
Кинозалы,BCUMEDIA_3_HDR,BCUMEDIA_3_HDR,,bcu-media-3,106,1,28,EPG,OK
Кинозалы,BCU Biography HDR,BCU Biography HDR,Xbcu-biography-hdr,Xbcu-biography-hdr,62,1,1,EPG,OK
Кинозалы,BCU Unity 1 HDR,BCU Unity 1 HDR,Xbcu-unity-1,Xbcu-unity-1,6,0,0,,NO_CURRENT_PROGRAMME;NO_NEXT_PROGRAMME
Кинозалы,BCU Unity 2 HDR,BCU Unity 2 HDR,Xbcu-unity-2,Xbcu-unity-2,107,1,1,EPG,OK
Кинозалы,BCU Unity 3 HD,BCU Unity 3 HD,Xbcu-unity-3,Xbcu-unity-3,6,0,0,,NO_CURRENT_PROGRAMME;NO_NEXT_PROGRAMME
Кинозалы,VeleS Криминальный,VeleS Криминальный,veles-criminal,veles-criminal,74,1,12,EPG,OK
Кинозалы,VeleS Наше Кино,VeleS Наше Кино,veles-our-cinema,veles-our-cinema,100,1,21,EPG,OK
Кинозалы,VeleS Вестерн,VeleS Вестерн,veles-vestern,veles-vestern,92,1,17,EPG,OK
Кинозалы,VeleS 60FPS,VeleS 60FPS,Xveles-60fps,Xveles-60fps,76,1,11,EPG,OK
Кинозалы,VeleS С Новым годом!,VeleS С Новым годом!,velesyear-new,velesyear-new,108,1,11,EPG,OK
Кинозалы,VeleS Комедия,VeleS Комедия,veles-comedy,veles-comedy,92,0,0,,NO_CURRENT_PROGRAMME;NO_NEXT_PROGRAMME
Кинозалы,VeleS Аниме,VeleS Аниме,veles-anime,veles-anime,89,1,22,EPG,OK
Кинозалы,VeleS Триллер,VeleS Триллер,veles-triller,veles-triller,93,1,7,EPG,OK
Кинозалы,VeleS Семейный,VeleS Семейный,veles-family,veles-family,117,1,24,EPG,OK
Кинозалы,VeleS Гоблин,VeleS Гоблин,veles-goblin,veles-goblin,88,1,17,EPG,OK
Кинозалы,VeleS Киноплёнка,VeleS Киноплёнка,veles-kinoplenka,veles-kinoplenka,75,1,0,EPG,NO_NEXT_PROGRAMME
Кинозалы,VeleS Premiere,VeleS Premiere,veles-premiere,veles-premiere,93,1,17,EPG,OK
Кинозалы,VeleS Страшное,VeleS Страшное,veles-strashnoe,veles-strashnoe,96,1,9,EPG,OK
USSR,VeleS СССР,VeleS СССР,veles-ussr,veles-ussr,128,1,25,EPG,OK
Кинозалы,VeleS Movie Hits,VeleS Movie Hits,veles-movie-hits,veles-movie-hits,100,1,34,EPG,OK
Кинозалы,VeleS Kids,VeleS Kids,veles-kids,veles-kids,128,1,41,EPG,OK
Кинозалы,TvBoom.ViP,TvBoom.ViP,,tvboomvip,105,1,23,EPG,OK
Кинозалы,Tricolor Cinema 1,Tricolor Cinema 1,Xzal-01-tricolor,Xzal-01-tricolor,70,1,12,EPG,OK
Кинозалы,Tricolor Cinema 2,Tricolor Cinema 2,Xzal-02-tricolor,Xzal-02-tricolor,205,1,34,EPG,OK
Кинозалы,Tricolor Cinema 4,Tricolor Cinema 4,Xzal-04-tricolor,Xzal-04-tricolor,70,1,12,EPG,OK
Кинозалы,Tricolor Cinema 6,Tricolor Cinema 6,Xzal-06-tricolor,Xzal-06-tricolor,102,1,16,EPG,OK
Кинозалы,Tricolor Cinema 7,Tricolor Cinema 7,Xzal-07-tricolor,Xzal-07-tricolor,3828,1,610,EPG,OK
Кинозалы,Tricolor Cinema 8,Tricolor Cinema 8,Xzal-08-tricolor,Xzal-08-tricolor,200,1,35,EPG,OK
Кинозалы,Tricolor Cinema 9,Tricolor Cinema 9,Xzal-09-tricolor,Xzal-09-tricolor,205,1,29,EPG,OK
Кинозалы,Tricolor Cinema 10,Tricolor Cinema 10,Xzal-10-tricolor,Xzal-10-tricolor,635,1,115,EPG,OK
Кинозалы,Tricolor Cinema 11,Tricolor Cinema 11,Xzal-11-tricolor,Xzal-11-tricolor,973,1,162,EPG,OK
USSR,Fresh Soviet,Fresh Soviet,Xfresh-soviet,Xfresh-soviet,106,1,13,EPG,OK
Кинозалы,Fresh Fantastic,Fresh Fantastic,Xfresh-fantastic,Xfresh-fantastic,79,1,9,EPG,OK
Кинозалы,Fresh VHS,Fresh VHS,Xfresh-vhs,Xfresh-vhs,81,1,8,EPG,OK
Кинозалы,Fresh Rating,Fresh Rating,Xfresh-rating,Xfresh-rating,79,1,10,EPG,OK
Кинозалы,Fresh Family,Fresh Family,Xfresh-family,Xfresh-family,88,1,11,EPG,OK
Кинозалы,Fresh Premiere,Fresh Premiere,Xfresh-premiere,Xfresh-premiere,82,1,9,EPG,OK
Кинозалы,Fresh Comedy,Fresh Comedy,Xfresh-comedy,Xfresh-comedy,94,1,11,EPG,OK
Кинозалы,Fresh Kids,Fresh Kids,Xfresh-kids,Xfresh-kids,100,1,12,EPG,OK
Кинозалы,Fresh Cinema,Fresh Cinema,Xfresh-cinema,Xfresh-cinema,74,1,8,EPG,OK
Кинозалы,Fresh Horror,Fresh Horror,Xfresh-horror,Xfresh-horror,96,1,12,EPG,OK
Кинозалы,Fresh Adventure,Fresh Adventure,Xfresh-adventure,Xfresh-adventure,88,1,10,EPG,OK
Кинозалы,Fresh Romantic,Fresh Romantic,Xfresh-romatic,Xfresh-romatic,92,1,11,EPG,OK
Кинозалы,Fresh Russian,Fresh Russian,Xfresh-russian,Xfresh-russian,92,1,10,EPG,OK
Кинозалы,Fresh Thriller,Fresh Thriller,Xfresh-thriller,Xfresh-thriller,83,1,9,EPG,OK
Кинозалы,KBC-В.О.В. HD,KBC-В.О.В. HD,X39821,X39821,76,1,58,EPG,OK
Кинозалы,KBC-Comics HD,KBC-Comics HD,X39800,X39800,55,1,38,EPG,OK
Кинозалы,KBC-Elite comedy's HD,KBC-Elite comedy's HD,X35448,X35448,72,1,50,EPG,OK
Кинозалы,KBC-Fantastic HD,KBC-Fantastic HD,X39795,X39795,66,1,46,EPG,OK
Кинозалы,KBC-History HD,KBC-History HD,X39796,X39796,60,1,42,EPG,OK
Кинозалы,KBC-Newfilm HD,KBC-Newfilm HD,X39048,X39048,69,1,49,EPG,OK
Кинозалы,KBC-WAR HD,KBC-WAR HD,X42051,X42051,59,1,40,EPG,OK
Кинозалы,KBC-Russian Комедия HD,KBC-Russian Комедия HD,X36168,X36168,79,1,55,EPG,OK
Кинозалы,KBC-Видак HD,KBC-Видак HD,X36251,X36251,65,1,47,EPG,OK
Кинозалы,KBC-ГАЙ Ritchie & Tarantino,KBC-ГАЙ Ritchie & Tarantino,X39819,X39819,59,1,42,EPG,OK
Кинозалы,KBC-ДрамаTic HD,KBC-ДрамаTic HD,X36732,X36732,65,1,47,EPG,OK
Кинозалы,KBC-Вестерн HD,KBC-Вестерн HD,X39825,X39825,67,1,48,EPG,OK
Кинозалы,KBC-Кошмарное HD,KBC-Кошмарное HD,X36277,X36277,71,1,50,EPG,OK
USSR,KBC-Страна СССР,KBC-Страна СССР,X36506,X36506,84,1,59,EPG,OK
Кинозалы,KBC-MusKino HD,KBC-MusKino HD,X39822,X39822,73,1,52,EPG,OK
Кинозалы,KBC-СпортМикс HD,KBC-СпортМикс HD,X35525,X35525,66,1,48,EPG,OK
Кинозалы,KBC-ГОБЛИН HD,KBC-ГОБЛИН HD,X42054,X42054,66,1,48,EPG,OK
Кинозалы,KBC-Шпионское HD,KBC-Шпионское HD,X39820,X39820,61,1,42,EPG,OK
Кинозалы,KBC-АНИМЕ HD,KBC-АНИМЕ HD,X42053,X42053,85,1,61,EPG,OK
Кинозалы,KBC-Легендарное HD,KBC-Легендарное HD,X39826,X39826,59,1,42,EPG,OK
Кинозалы,YOSSO TV Grand,YOSSO TV Grand,Xyosso-grand,Xyosso-grand,85,1,18,EPG,OK
Кинозалы,YOSSO TV VHS,YOSSO TV VHS,Xyosso-vhs,Xyosso-vhs,90,1,19,EPG,OK
Кинозалы,YOSSO TV Русские фильмы,YOSSO TV Русские фильмы,Xyosso-rusfilm,Xyosso-rusfilm,95,1,19,EPG,OK
USSR,YOSSO TV Советские фильмы,YOSSO TV Советские фильмы,Xyosso-sovfilm,Xyosso-sovfilm,115,1,24,EPG,OK
Кинозалы,YOSSO TV New Кино,YOSSO TV New Кино,Xyosso-newkino,Xyosso-newkino,97,1,21,EPG,OK
Кинозалы,YOSSO TV Трагичное,YOSSO TV Трагичное,Xyosso-tragic,Xyosso-tragic,87,1,17,EPG,OK
Кинозалы,YOSSO TV Забавное,YOSSO TV Забавное,Xyosso-zabavno,Xyosso-zabavno,96,1,21,EPG,OK
Кинозалы,YOSSO BEST 60fps,YOSSO BEST 60fps,Xyosso-best60fps,Xyosso-best60fps,90,1,20,EPG,OK
Кинозалы,YOSSO TV BEST,YOSSO TV BEST,Xyosso-best,Xyosso-best,85,1,18,EPG,OK
Кинозалы,YOSSO TV Ковбойское,YOSSO TV Ковбойское,Xyosso-cowboy,Xyosso-cowboy,103,1,23,EPG,OK
Кинозалы,YOSSO TV Adrenaline,YOSSO TV Adrenaline,Xyosso-adventure,Xyosso-adventure,91,1,20,EPG,OK
Кинозалы,YOSSO TV Adventure,YOSSO TV Adventure,Xyosso-adventure,Xyosso-adventure,91,1,20,EPG,OK
Кинозалы,YOSSO TV OBLIVION,YOSSO TV OBLIVION,Xyosso-oblivion,Xyosso-oblivion,88,1,19,EPG,OK
Кинозалы,YOSSO TV Thriller,YOSSO TV Thriller,Xyosso-thriller,Xyosso-thriller,95,1,20,EPG,OK
Кинозалы,YOSSO-C-INQUEST,YOSSO-C-INQUEST,Xc-inquest-yosso,Xc-inquest-yosso,80,1,52,EPG,OK
Кинозалы,YOSSO-C-COMEDY,YOSSO-C-COMEDY,Xc-comedy-yosso,Xc-comedy-yosso,90,1,58,EPG,OK
Кинозалы,Magic Premiere,Magic Premiere,Xmagic-premiere,Xmagic-premiere,86,1,9,EPG,OK
Кинозалы,Magic Adventure,Magic Adventure,Xmagic-adventure,Xmagic-adventure,80,1,9,EPG,OK
Кинозалы,Magic Russian,Magic Russian,Xmagic-russian,Xmagic-russian,100,1,12,EPG,OK
Кинозалы,Magic Action,Magic Action,Xmagic-action,Xmagic-action,85,1,10,EPG,OK
Кинозалы,Magic Comedy,Magic Comedy,Xmagic-comedy,Xmagic-comedy,90,1,11,EPG,OK
Кинозалы,Magic Family,Magic Family,Xmagic-family,Xmagic-family,96,1,11,EPG,OK
Кинозалы,Magic Galaxy,Magic Galaxy,Xmagic-galaxy,Xmagic-galaxy,95,1,11,EPG,OK
Кинозалы,Magic Horror,Magic Horror,Xmagic-horror,Xmagic-horror,93,1,11,EPG,OK
Кинозалы,Magic Karate,Magic Karate,Xmagic-karate,Xmagic-karate,91,1,11,EPG,OK
Кинозалы,Magic Love,Magic Love,Xmagic-love,Xmagic-love,85,1,10,EPG,OK
Кинозалы,Magic Thriller,Magic Thriller,Xmagic-thriller,Xmagic-thriller,87,1,10,EPG,OK
Кинозалы,Magic VHS,Magic VHS,Xmagic-vhs,Xmagic-vhs,78,1,10,EPG,OK
Кинозалы,Видеокассета VHS,Видеокассета VHS,,Видеокасета VHS,81,1,64,EPG,OK
Кинозалы,CineMan,CineMan,Xcineman,Xcineman,87,1,13,EPG,OK
Кинозалы,CineMan Action,CineMan Action,Xcineman-action,Xcineman-action,72,1,0,EPG,NO_NEXT_PROGRAMME
Кинозалы,CineMan Комедия,CineMan Комедия,Xcineman-comedy,Xcineman-comedy,64,1,0,EPG,NO_NEXT_PROGRAMME
Кинозалы,CineMan Катастрофы,CineMan Катастрофы,Xcineman-katastrofy,Xcineman-katastrofy,73,1,1,EPG,OK
Кинозалы,CineMan Marvel,CineMan Marvel,Xcineman-marvel,Xcineman-marvel,62,0,0,,NO_CURRENT_PROGRAMME;NO_NEXT_PROGRAMME
Кинозалы,CineMan Melodrama,CineMan Melodrama,Xcineman-melodrama,Xcineman-melodrama,72,1,1,EPG,OK
Кинозалы,CineMan Premium,CineMan Premium,Xcineman-premium,Xcineman-premium,60,1,1,EPG,OK
Кинозалы,CineMan РуКино,CineMan РуКино,Xcineman-rukino,Xcineman-rukino,79,1,0,EPG,NO_NEXT_PROGRAMME
USSR,CineMan Дубляж СССР,CineMan Дубляж СССР,,cineman-dub-ssr,78,1,0,EPG,NO_NEXT_PROGRAMME
Кинозалы,CineMan Симпсоны,CineMan Симпсоны,Xcineman-simps,Xcineman-simps,363,1,2,EPG,OK
Кинозалы,CineMan Thriller,CineMan Thriller,Xcineman-thriller,Xcineman-thriller,77,0,0,,NO_CURRENT_PROGRAMME;NO_NEXT_PROGRAMME
Кинозалы,CineMan Top,CineMan Top,Xcineman-top,Xcineman-top,61,0,0,,NO_CURRENT_PROGRAMME;NO_NEXT_PROGRAMME
Кинозалы,CineMan Ужасы,CineMan Ужасы,Xcineman-uzhasy,Xcineman-uzhasy,82,1,1,EPG,OK
Кинозалы,CineMan VHS,CineMan VHS,Xcineman-vhs,Xcineman-vhs,75,1,0,EPG,NO_NEXT_PROGRAMME
Кинозалы,BCU Biography HDR,BCU Biography HDR,Xbcu-biography-hdr,Xbcu-biography-hdr,62,1,1,EPG,OK
Кинозалы,BOX Franchise HD,BOX Franchise HD,Xbox-franchise,Xbox-franchise,65,1,0,EPG,NO_NEXT_PROGRAMME
Кинозалы,BOX Hybrid HD,BOX Hybrid HD,Xbox-hybrid,Xbox-hybrid,82,1,0,EPG,NO_NEXT_PROGRAMME
Кинозалы,BOX Gangster HD,BOX Gangster HD,Xbox-gangster,Xbox-gangster,73,1,0,EPG,NO_NEXT_PROGRAMME
Кинозалы,BOX Oscar HD,BOX Oscar HD,Xbox-oscar,Xbox-oscar,60,1,0,EPG,NO_NEXT_PROGRAMME
Кинозалы,BOX Memory HD,BOX Memory HD,Xbox-memory,Xbox-memory,156,1,2,EPG,OK
Кинозалы,BOX Game HD,BOX Game HD,Xbox-game,Xbox-game,101,1,1,EPG,OK
Кинозалы,BOX Spy HD,BOX Spy HD,Xbox-spy,Xbox-spy,71,0,0,,NO_CURRENT_PROGRAMME;NO_NEXT_PROGRAMME
Кинозалы,BOX Western HD,BOX Western HD,Xbox-western,Xbox-western,69,0,0,,NO_CURRENT_PROGRAMME;NO_NEXT_PROGRAMME
Кинозалы,BOX Zombie HD,BOX Zombie HD,Xbox-zombie,Xbox-zombie,69,1,17,EPG,OK
Кинозалы,BOX Cyber HD,BOX Cyber HD,Xbox-cyber,Xbox-cyber,74,1,0,EPG,NO_NEXT_PROGRAMME
Кинозалы,BOX Ghost HD,BOX Ghost HD,Xbox-ghost,Xbox-ghost,85,1,0,EPG,NO_NEXT_PROGRAMME
Кинозалы,BOX Stories HD,BOX Stories HD,Xbox-stories,Xbox-stories,264,1,4,EPG,OK
Кинозалы,BOX Fantasy HD,BOX Fantasy HD,Xbox-fantasy,Xbox-fantasy,70,1,0,EPG,NO_NEXT_PROGRAMME
Кинозалы,BOX Mayday HD,BOX Mayday HD,Xbox-myday,Xbox-myday,179,1,1,EPG,OK
Кинозалы,GL Naked&Funny,GL Naked&Funny,Xgoldline-naked,Xgoldline-naked,340,1,82,EPG,OK
Кинозалы,TVPlay DC Comics HD,TVPlay DC Comics HD,,ch3754,22,1,7,EPG,OK
Кинозалы,TVPlay Indian Cinema,TVPlay Indian Cinema,,tvplay-indiancinema,64,1,15,EPG,OK
Кинозалы,TVPlay Авторский перевод HD,TVPlay Авторский перевод HD,,tvplay-avtorskiyperevod,97,1,19,EPG,OK
Кинозалы,TVPlay Космический,TVPlay Космический,,tvplay-kosmicheskiy,79,1,9,EPG,OK
Кинозалы,DITV Воронины,DITV Воронины,Xno_epg_cinema,Xno_epg_cinema,82,1,17,EPG,OK
Кинозалы,DITV Маски Шоу,DITV Маски Шоу,Xno_epg_cinema,Xno_epg_cinema,82,1,17,EPG,OK
Кинозалы,DITV Удивительные странствия Геракла,DITV Удивительные странствия Геракла,Xno_epg_cinema,Xno_epg_cinema,82,1,17,EPG,OK
Кинозалы,DITV Боевики,DITV Боевики,Xno_epg_cinema,Xno_epg_cinema,82,1,17,EPG,OK
Кинозалы,DITV Ужасы,DITV Ужасы,Xno_epg_cinema,Xno_epg_cinema,82,1,17,EPG,OK
Кинозалы,DITV Фантастика,DITV Фантастика,Xno_epg_cinema,Xno_epg_cinema,82,1,17,EPG,OK
Кинозалы,DITV Детективы,DITV Детективы,Xno_epg_cinema,Xno_epg_cinema,82,1,17,EPG,OK
Кинозалы,DITV Фильмы С Джеки Чаном,DITV Фильмы С Джеки Чаном,Xno_epg_cinema,Xno_epg_cinema,82,1,17,EPG,OK
Кинозалы,DITV Альянс Вольных Переводчиков,DITV Альянс Вольных Переводчиков,Xno_epg_cinema,Xno_epg_cinema,82,1,17,EPG,OK
Кинозалы,DITV Папины Дочки,DITV Папины Дочки,Xno_epg_cinema,Xno_epg_cinema,82,1,17,EPG,OK
Кинозалы,DITV Осторожно модерн!,DITV Осторожно модерн!,Xno_epg_cinema,Xno_epg_cinema,82,1,17,EPG,OK
Кинозалы,DITV Шоу Бенни Хилла,DITV Шоу Бенни Хилла,Xno_epg_cinema,Xno_epg_cinema,82,1,17,EPG,OK
Кинозалы,DITV НТВ Сериалы,DITV НТВ Сериалы,Xno_epg_cinema,Xno_epg_cinema,82,1,17,EPG,OK
Кинозалы,DITV Детективные сериалы,DITV Детективные сериалы,Xno_epg_cinema,Xno_epg_cinema,82,1,17,EPG,OK
Кинозалы,DITV Ивановы-Ивановы,DITV Ивановы-Ивановы,Xno_epg_cinema,Xno_epg_cinema,82,1,17,EPG,OK
Кинозалы,DIZAL Домашний арест,DIZAL Домашний арест,Xno_epg_cinema,Xno_epg_cinema,82,1,17,EPG,OK
Кинозалы,DIZAL Гости из прошлого,DIZAL Гости из прошлого,Xno_epg_cinema,Xno_epg_cinema,82,1,17,EPG,OK
Кинозалы,DITV ФИЛЬМЫ УЖАСОВ 80-х,DITV ФИЛЬМЫ УЖАСОВ 80-х,no_epg_cinema,,0,0,0,,NO_MAPPING
Кинозалы,DIZAL КРИК,DIZAL КРИК,Xno_epg_cinema,Xno_epg_cinema,82,1,17,EPG,OK
Кинозалы,DITV Американские комедии 80-90-х,DITV Американские комедии 80-90-х,no_epg_cinema,,0,0,0,,NO_MAPPING
Кинозалы,DIZAL БИМ,DIZAL БИМ,Xno_epg_cinema,Xno_epg_cinema,82,1,17,EPG,OK
Кинозалы,DITV ГАРИ ПОТЕР,DITV ГАРИ ПОТЕР,no_epg_cinema,,0,0,0,,NO_MAPPING
Кинозалы,DITV Индиана Джонс,DITV Индиана Джонс,Xno_epg_cinema,Xno_epg_cinema,82,1,17,EPG,OK
Кинозалы,DITV Про акул,DITV Про акул,no_epg_cinema,,0,0,0,,NO_MAPPING
Кинозалы,DITV Стивена Кинга,DITV Стивена Кинга,Xno_epg_cinema,Xno_epg_cinema,82,1,17,EPG,OK
Кинозалы,DITV Про вампиров,DITV Про вампиров,no_epg_cinema,,0,0,0,,NO_MAPPING
Кинозалы,DITV Меч,DITV Меч,Xno_epg_cinema,Xno_epg_cinema,82,1,17,EPG,OK
Кинозалы,DITV Каламбур,DITV Каламбур,Xno_epg_cinema,Xno_epg_cinema,82,1,17,EPG,OK
Кинозалы,DITV Невский,DITV Невский,Xno_epg_cinema,Xno_epg_cinema,82,1,17,EPG,OK
Кинозалы,DITV ФИЛЬМЫ,DITV ФИЛЬМЫ,no_epg_cinema,,0,0,0,,NO_MAPPING
USSR,DITV КОМЕДИИ СССР,DITV КОМЕДИИ СССР,no_epg_cinema,,0,0,0,,NO_MAPPING
Кинозалы,DITV КОМЕДИИ 90-х,DITV КОМЕДИИ 90-х,no_epg_cinema,,0,0,0,,NO_MAPPING
Кинозалы,DITV Первый-отдел,DITV Первый-отдел,Xno_epg_cinema,Xno_epg_cinema,82,1,17,EPG,OK
Кинозалы,DITV КОМЕДИИ,DITV КОМЕДИИ,no_epg_cinema,,0,0,0,,NO_MAPPING
Кинозалы,DITV Братаны,DITV Братаны,Xno_epg_cinema,Xno_epg_cinema,82,1,17,EPG,OK
USSR,DITV СССР 4К,DITV СССР 4К,no_epg_cinema,,0,0,0,,NO_MAPPING
Кинозалы,DITV Учитель в законе*Динозавр,DITV Учитель в законе*Динозавр,Xno_epg_cinema,Xno_epg_cinema,82,1,17,EPG,OK
Кинозалы,DITV Walt Disney,DITV Walt Disney,no_epg_cinema,,0,0,0,,NO_MAPPING
Кинозалы,DITV Кинозал О Рыбалке,DITV Кинозал О Рыбалке,Xno_epg_cinema,Xno_epg_cinema,82,1,17,EPG,OK
Кинозалы,DITV Concert,DITV Concert,no_epg_cinema,,0,0,0,,NO_MAPPING
Кинозалы,DITV Сериал Жуки,DITV Сериал Жуки,Xno_epg_cinema,Xno_epg_cinema,82,1,17,EPG,OK
Кинозалы,DITV Фильмы С Арнольда Шварценеггера,DITV Фильмы С Арнольда Шварценеггера,Xno_epg_cinema,Xno_epg_cinema,82,1,17,EPG,OK
Кинозалы,DITV Зло,DITV Зло,Xno_epg_cinema,Xno_epg_cinema,82,1,17,EPG,OK
Кинозалы,DITV Юмористические телешоу,DITV Юмористические телешоу,Xno_epg_cinema,Xno_epg_cinema,82,1,17,EPG,OK
Кинозалы,DITV Братья по обмену,DITV Братья по обмену,Xno_epg_cinema,Xno_epg_cinema,82,1,17,EPG,OK
Кинозалы,DITV Пункт назначения,DITV Пункт назначения,Xno_epg_cinema,Xno_epg_cinema,82,1,17,EPG,OK
Кинозалы,DITV Зловещие мертвецы,DITV Зловещие мертвецы,Xno_epg_cinema,Xno_epg_cinema,82,1,17,EPG,OK
Кинозалы,DITV Лучшие выпуски Уральские пельмени,DITV Лучшие выпуски Уральские пельмени,Xno_epg_cinema,Xno_epg_cinema,82,1,17,EPG,OK
Кинозалы,DITV КЛАССИКА ИНДИЙСКОГО КИНО,DITV КЛАССИКА ИНДИЙСКОГО КИНО,no_epg_cinema,,0,0,0,,NO_MAPPING
Кинозалы,DITV VHS,DITV VHS,Xno_epg_cinema,Xno_epg_cinema,82,1,17,EPG,OK
Кинозалы,DITV Зачарованные,DITV Зачарованные,Xno_epg_cinema,Xno_epg_cinema,82,1,17,EPG,OK
Кинозалы,DITV Ходячие мертвецы,DITV Ходячие мертвецы,Xno_epg_cinema,Xno_epg_cinema,82,1,17,EPG,OK
Кинозалы,MM 007 HD,MM 007 HD,Xminimax-007,Xminimax-007,76,1,9,EPG,OK
Кинозалы,MM Flip UHD,MM Flip UHD,Xminimax-flip,Xminimax-flip,89,1,19,EPG,OK
Кинозалы,MM Honey HD,MM Honey HD,Xminimax-honey,Xminimax-honey,182,1,38,EPG,OK
Кинозалы,MM Live Planet HD,MM Live Planet HD,Xminimax-live-planet,Xminimax-live-planet,201,1,46,EPG,OK
Кинозалы,MM NewFilm 1 HD,MM NewFilm 1 HD,Xminimax-newfilm1,Xminimax-newfilm1,85,1,0,EPG,NO_NEXT_PROGRAMME
Кинозалы,MM NewFilm 2 HD,MM NewFilm 2 HD,Xminimax-newfilm2,Xminimax-newfilm2,101,1,23,EPG,OK
Кинозалы,MM NewFilm 3 HD,MM NewFilm 3 HD,Xminimax-newfilm3,Xminimax-newfilm3,101,1,22,EPG,OK
Кинозалы,MM NewFilm RU HD,MM NewFilm RU HD,Xminimax-newfilmru,Xminimax-newfilmru,109,1,23,EPG,OK
Кинозалы,MM UFO HD,MM UFO HD,Xminimax-ufo,Xminimax-ufo,86,1,20,EPG,OK
USSR,MM USSR 1941-1945 HD,MM USSR 1941-1945 HD,Xminimax-ussr-1941-1945,Xminimax-ussr-1941-1945,101,1,7,EPG,OK
USSR,MM USSR Детектив HD,MM USSR Детектив HD,Xminimax-ussr-detektiv,Xminimax-ussr-detektiv,132,1,29,EPG,OK
USSR,MM USSR Комедия HD,MM USSR Комедия HD,Xminimax-ussr-komedija,Xminimax-ussr-komedija,100,1,26,EPG,OK
USSR,MM USSR Приключения HD,MM USSR Приключения HD,Xminimax-ussr-prikluchenija,Xminimax-ussr-prikluchenija,80,1,21,EPG,OK
USSR,MM USSR Драма HD,MM USSR Драма HD,Xminimax-ussr-fantastika,Xminimax-ussr-fantastika,108,1,23,EPG,OK
Кинозалы,MM Боевик HD,MM Боевик HD,Xminimax-boevik,Xminimax-boevik,98,1,23,EPG,OK
Кинозалы,MM Боевик Classic HD,MM Боевик Classic HD,Xminimax-boevik_classic,Xminimax-boevik_classic,100,1,22,EPG,OK
Кинозалы,MM Вестерн HD,MM Вестерн HD,Xminimax-western,Xminimax-western,99,1,21,EPG,OK
Кинозалы,MM Затмение HD,MM Затмение HD,Xminimax-zatmenie,Xminimax-zatmenie,99,1,16,EPG,OK
Кинозалы,MM История HD,MM История HD,Xminimax-istorija,Xminimax-istorija,81,1,18,EPG,OK
Кинозалы,MM Катастрофа HD,MM Катастрофа HD,Xminimax-katastrofa,Xminimax-katastrofa,75,1,3,EPG,OK
Кинозалы,MM Киберпанк HD,MM Киберпанк HD,Xminimax-kiberpunk,Xminimax-kiberpunk,95,1,20,EPG,OK
Кинозалы,MM Комедия Classic HD,MM Комедия Classic HD,Xminimax-comedy_classic,Xminimax-comedy_classic,106,1,23,EPG,OK
Кинозалы,MM Комедия HD,MM Комедия HD,Xminimax-comedy,Xminimax-comedy,103,1,22,EPG,OK
Кинозалы,MM Криминал HD,MM Криминал HD,Xminimax-kriminal,Xminimax-kriminal,90,1,20,EPG,OK
Кинозалы,MM Кунг-Фу HD,MM Кунг-Фу HD,Xminimax-kungfu,Xminimax-kungfu,95,1,15,EPG,OK
Кинозалы,MM Мифология HD,MM Мифология HD,Xminimax-mifologija,Xminimax-mifologija,187,1,41,EPG,OK
Кинозалы,MM Нуар HD,MM Нуар HD,Xminimax-nuar,Xminimax-nuar,116,1,25,EPG,OK
Кинозалы,MM Погружение HD,MM Погружение HD,Xminimax-pogrujenie,,0,0,0,,NO_MAPPING
Кинозалы,MM Приключения HD,MM Приключения HD,Xminimax-prikluchenija,Xminimax-prikluchenija,84,1,13,EPG,OK
Кинозалы,MM Роскино HD,MM Роскино HD,Xminimax-roskino,Xminimax-roskino,103,1,23,EPG,OK
Кинозалы,MM Семейный 1 HD,MM Семейный 1 HD,Xminimax-family1,Xminimax-family1,112,1,25,EPG,OK
Кинозалы,MM Семейный 2 HD,MM Семейный 2 HD,Xminimax-family2,Xminimax-family2,120,1,27,EPG,OK
Кинозалы,MM Скорость HD,MM Скорость HD,Xminimax-skorost,Xminimax-skorost,123,1,22,EPG,OK
Кинозалы,MM Спорт HD,MM Спорт HD,Xminimax-sport,Xminimax-sport,94,1,20,EPG,OK
Кинозалы,MM Супергерои HD,MM Супергерои HD,Xminimax-supergeroi,Xminimax-supergeroi,84,1,18,EPG,OK
Кинозалы,MM Триллер HD,MM Триллер HD,Xminimax-triller,Xminimax-triller,93,1,20,EPG,OK
Кинозалы,MM Ужастик HD,MM Ужастик HD,Xminimax-ujastik,Xminimax-ujastik,181,1,38,EPG,OK
Кинозалы,MM Ужасы Classic HD,MM Ужасы Classic HD,Xminimax-ujasi-classic,Xminimax-ujasi-classic,90,1,4,EPG,OK
Кинозалы,MM Ужасы HD,MM Ужасы HD,Xminimax-ujasi,Xminimax-ujasi,107,1,25,EPG,OK
Кинозалы,MM Фантастика HD,MM Фантастика HD,Xminimax-fantastika,Xminimax-fantastika,98,1,21,EPG,OK
Кинозалы,MM Фобия HD,MM Фобия HD,Xminimax-fobija,Xminimax-fobija,185,1,151,EPG,OK
Кинозалы,MM Celebrity HD,MM Celebrity HD,Xminimax-celebrity,Xminimax-celebrity,84,1,19,EPG,OK
Кинозалы,MM Classic HD,MM Classic HD,Xminimax-classic,Xminimax-classic,139,1,39,EPG,OK
Кинозалы,MM Translation HD,MM Translation HD,Xminimax-translation,Xminimax-translation,96,1,22,EPG,OK
Кинозалы,MM Драма HD,MM Драма HD,Xminimax-drama,Xminimax-drama,88,1,18,EPG,OK
Кинозалы,MS Prisons HD,MS Prisons HD,Xminimax-ms-prisons,Xminimax-ms-prisons,170,1,38,EPG,OK
Кинозалы,MM Стивен Кинг HD,MM Стивен Кинг HD,Xminimax-st-king,Xminimax-st-king,177,1,34,EPG,OK
Кинозалы,KLI Action HD,KLI Action HD,Xkliaction,kli-action-hd,24,1,11,EPG,OK
Кинозалы,KLI Kinozakaz,KLI Kinozakaz,99936,99936,97,1,88,EPG,OK
Кинозалы,KLI Comedy HD,KLI Comedy HD,Xklicomedi,Xklicomedi,26,1,14,EPG,OK
Кинозалы,KLI DRAMA HD,KLI DRAMA HD,Xklidrama,Xklidrama,24,1,11,EPG,OK
Кинозалы,KLI Family HD,KLI Family HD,Xklifamily,Xklifamily,26,1,13,EPG,OK
Кинозалы,KLI Fantastic HD,KLI Fantastic HD,Xklifantastica,Xklifantastica,24,1,11,EPG,OK
Кинозалы,KLI Fantasy HD,KLI Fantasy HD,Xklifantasy,Xklifantasy,23,1,11,EPG,OK
Кинозалы,KLI Horror FHD,KLI Horror FHD,Xklihorror,Xklihorror,25,1,12,EPG,OK
Кинозалы,KLI Marvel HD,KLI Marvel HD,Xklimarvel,Xklimarvel,21,1,9,EPG,OK
Кинозалы,KLI Premium HD,KLI Premium HD,Xklipremium,Xklipremium,17,1,9,EPG,OK
Кинозалы,KLI Russian HD,KLI Russian HD,Xklirussian,Xklirussian,28,1,12,EPG,OK
Кинозалы,KLI Thriller HD,KLI Thriller HD,Xkliaction,kli-thriller-hd,25,0,0,,NO_CURRENT_PROGRAMME;NO_NEXT_PROGRAMME
Кинозалы,KLI VHS HD,KLI VHS HD,Xklivhs,Xklivhs,24,1,12,EPG,OK
Кинозалы,KLI Новинки HD,KLI Новинки HD,Xklinovinci,Xklinovinci,24,1,11,EPG,OK
Кинозалы,KLI Битва Экстрасенсов,KLI Битва Экстрасенсов,99925,99925,24,1,11,EPG,OK
USSR,KLI СССР HD,KLI СССР HD,Xkliussr,,0,0,0,,NO_MAPPING
Кинозалы,CPS Drama,CPS Drama,,cps-drama,148,1,71,EPG,OK
Кинозалы,CPS Comedy,CPS Comedy,,cps-comedy,167,1,80,EPG,OK
Кинозалы,CPS Action,CPS Action,,cps-action,153,1,74,EPG,OK
Кинозалы,CPS Western,CPS Western,,cps-western,84,1,5,EPG,OK
Кинозалы,CPS Mix,CPS Mix,,cps-mix,212,1,101,EPG,OK
Кинозалы,CPS Fiction,CPS Fiction,,cps-fiction,154,1,72,EPG,OK
Кинозалы,CPS Anime,CPS Anime,,cps-anime,227,1,115,EPG,OK
USSR,CPS USSR,CPS USSR,,cps-ussr,129,1,41,EPG,OK
Кинозалы,CPS Fresh,CPS Fresh,,cps-fresh,124,1,46,EPG,OK
Кинозалы,CPS Oscar,CPS Oscar,,cps-oscar,150,1,85,EPG,OK
Кинозалы,CPS Detective,CPS Detective,,cps-detective,156,1,75,EPG,OK
Кинозалы,CPS Jackie Chan,CPS Jackie Chan,,cps-jackie-chan,122,1,38,EPG,OK
Кинозалы,Velilla TV Домашний HD,Velilla TV Домашний HD,velillatvdomashniy,velillatvdomashniy,89,1,0,EPG,NO_NEXT_PROGRAMME
Кинозалы,Velilla TV Вестерн HD,Velilla TV Вестерн HD,velillatvwestern,velillatvwestern,81,1,0,EPG,NO_NEXT_PROGRAMME
Кинозалы,Velilla TV Action War Films HD,Velilla TV Action War Films HD,actionwarfilms,actionwarfilms,134,1,1,EPG,OK
Кинозалы,Velilla TV Новогодний,Velilla TV Новогодний,velillanewyear,velillanewyear,77,1,1,EPG,OK
Кино 4K,BCU Ultra 4K,BCU Ultra 4K,Xbcu-ultra4k,Xbcu-ultra4k,68,1,0,EPG,NO_NEXT_PROGRAMME
Кино 4K,BCU Premiere Ultra 4K,BCU Premiere Ultra 4K,Xbcu-premiere-4k,Xbcu-premiere-4k,86,1,19,EPG,OK
Кино 4K,BCU Праздники HDR,BCU Праздники HDR,,bcu-prazdniki-hdr,373,1,1,EPG,OK
Кино 4K,Кино UHD 4k,Кино UHD 4k,Xkino-ultra-hd,Xkino-ultra-hd,148,1,30,EPG,OK
Кино 4K,CineMan Relax 4K,CineMan Relax 4K,Xcineman-relax,Xcineman-relax,97,1,28,EPG,OK
Кино 4K,BOX Premiere 4K,BOX Premiere 4K,Xbox-premiere4k,Xbox-premiere4k,99,1,27,EPG,OK
Кино 4K,BOX Serial 4K,BOX Serial 4K,Xbox-serial4k,Xbox-serial4k,138,1,0,EPG,NO_NEXT_PROGRAMME
Кино 4K,BOX Remast+ 4K,BOX Remast+ 4K,Xbox-remast-plus-4k.png,Xbox-remast-plus-4k.png,70,1,1,EPG,OK
Кино 4K,BOX Remast 4K,BOX Remast 4K,Xbox-remast-4k,Xbox-remast-4k,70,1,1,EPG,OK
Кино 4K,BOX Relax 4K,BOX Relax 4K,Xbox-relax,Xbox-relax,15,1,4,EPG,OK
Кино 4K,KLI UHD 4K,KLI UHD 4K,XKLIUHD4K,XKLIUHD4K,24,1,12,EPG,OK
Кино 4K,KLI Новинки 4K Ultra HD,KLI Новинки 4K Ultra HD,Xklinovinci4k,Xklinovinci4k,24,1,12,EPG,OK
Кино 4K,YOSSO-4K,YOSSO-4K,Xyosso-4k,Xyosso-4k,84,1,19,EPG,OK
Кино 4K,Bear TV МегаКадр RU UHD,Bear TV МегаКадр RU UHD,Xbear-tv-megakadr-ru-uhd,Xbear-tv-megakadr-ru-uhd,63,1,19,EPG,OK
Кино 4K,Bear TV Золотой Экран RU UHD,Bear TV Золотой Экран RU UHD,Xbear-tv-zolotoj-ekran-ru-uhd,Xbear-tv-zolotoj-ekran-ru-uhd,63,1,19,EPG,OK
Кино 4K,Bear TV КиноВремя RU UHD,Bear TV КиноВремя RU UHD,Xbear-tv-kinovremja-ru-uhd,Xbear-tv-kinovremja-ru-uhd,64,1,19,EPG,OK
Кино 4K,Bear TV КиноМир RU UHD,Bear TV КиноМир RU UHD,Xbear-tv-kinomir-ru-uhd,Xbear-tv-kinomir-ru-uhd,63,1,19,EPG,OK
Кино 4K,Bear TV Хитовый Экран RU UHD,Bear TV Хитовый Экран RU UHD,Xbear-tv-hitovyj-ekran-ru-uhd,Xbear-tv-hitovyj-ekran-ru-uhd,63,1,19,EPG,OK
Кино 4K,Bear TV Фильмонавт RU UHD,Bear TV Фильмонавт RU UHD,Xbear-tv-filmonavt-ru-uhd,Xbear-tv-filmonavt-ru-uhd,64,1,19,EPG,OK
Кино 4K,Bear TV КиноГоризонт RU UHD,Bear TV КиноГоризонт RU UHD,Xbear-tv-kinogorizont-ru-uhd,Xbear-tv-kinogorizont-ru-uhd,61,1,19,EPG,OK
Кино 4K,Bear TV Сюжет ТВ RU UHD,Bear TV Сюжет ТВ RU UHD,Xbear-tv-sjuzhet-tv-ru-uhd,Xbear-tv-sjuzhet-tv-ru-uhd,62,1,18,EPG,OK
Кино 4K,Bear TV Кадр Плюс RU UHD,Bear TV Кадр Плюс RU UHD,Xbear-tv-kadr-plus-ru-uhd,Xbear-tv-kadr-plus-ru-uhd,59,1,18,EPG,OK
Кино 4K,Bear TV КиноПульс RU UHD,Bear TV КиноПульс RU UHD,Xbear-tv-kinopuls-ru-uhd,Xbear-tv-kinopuls-ru-uhd,67,1,20,EPG,OK
Кино 4K,Bear TV Экран 24 RU UHD,Bear TV Экран 24 RU UHD,Xbear-tv-ekran-24-ru-uhd,Xbear-tv-ekran-24-ru-uhd,62,1,18,EPG,OK
Кино 4K,Bear TV Ночной Сеанс RU UHD,Bear TV Ночной Сеанс RU UHD,Xbear-tv-nochnoj-seans-ru-uhd,Xbear-tv-nochnoj-seans-ru-uhd,58,1,18,EPG,OK
Кино 4K,Bear TV Премьера Live RU UHD,Bear TV Премьера Live RU UHD,Xbear-tv-premiera-live-ru-uhd,Xbear-tv-premiera-live-ru-uhd,63,1,19,EPG,OK
Кино 4K,Bear TV КиноМаршрут RU UHD,Bear TV КиноМаршрут RU UHD,Xbear-tv-kinomarshrut-ru-uhd,Xbear-tv-kinomarshrut-ru-uhd,61,1,19,EPG,OK
Кино 4K,Bear TV Легенды Экрана RU UHD,Bear TV Легенды Экрана RU UHD,Xbear-tv-legendy-ekrana-ru-uhd,Xbear-tv-legendy-ekrana-ru-uhd,54,1,16,EPG,OK
Кино 4K,Bear TV КиноВолна RU UHD,Bear TV КиноВолна RU UHD,Xbear-tv-kinovolna-ru-uhd,Xbear-tv-kinovolna-ru-uhd,65,1,20,EPG,OK
Кино 4K,Bear TV КиноОрбита RU UHD,Bear TV КиноОрбита RU UHD,Xbear-tv-kinoorbita-ru-uhd,Xbear-tv-kinoorbita-ru-uhd,55,1,16,EPG,OK
Кино 4K,Bear TV Галактика Кино RU UHD,Bear TV Галактика Кино RU UHD,Xbear-tv-galaktika-kino-ru-uhd,Xbear-tv-galaktika-kino-ru-uhd,61,1,18,EPG,OK
Кино 4K,Bear TV КиноСфера RU UHD,Bear TV КиноСфера RU UHD,Xbear-tv-kinosfera-ru-uhd,Xbear-tv-kinosfera-ru-uhd,56,1,17,EPG,OK
Кино 4K,Bear TV КиноДрайв RU UHD,Bear TV КиноДрайв RU UHD,Xbear-tv-kinodrajv-ru-uhd,Xbear-tv-kinodrajv-ru-uhd,60,1,18,EPG,OK
Кино 4K,Bear TV Блокбастер ТВ RU UHD,Bear TV Блокбастер ТВ RU UHD,Xbear-tv-blokbaster-tv-ru-uhd,Xbear-tv-blokbaster-tv-ru-uhd,61,1,18,EPG,OK
Кино 4K,Bear TV Фильм Канал RU UHD,Bear TV Фильм Канал RU UHD,Xbear-tv-film-kanal-ru-uhd,Xbear-tv-film-kanal-ru-uhd,62,1,19,EPG,OK
Кино 4K,Bear TV КиноЛиния RU UHD,Bear TV КиноЛиния RU UHD,Xbear-tv-kinolinija-ru-uhd,Xbear-tv-kinolinija-ru-uhd,64,1,19,EPG,OK
Кино 4K,Bear TV КиноЗвезда RU UHD,Bear TV КиноЗвезда RU UHD,Xbear-tv-kinozvezda-ru-uhd,Xbear-tv-kinozvezda-ru-uhd,64,1,20,EPG,OK
Кино 4K,Bear TV КиноАрена RU UHD,Bear TV КиноАрена RU UHD,Xbear-tv-kinoarena-ru-uhd,Xbear-tv-kinoarena-ru-uhd,62,1,19,EPG,OK
Кино 4K,Bear TV Экран Будущего RU UHD,Bear TV Экран Будущего RU UHD,Xbear-tv-ekran-buduschego-ru-uhd,Xbear-tv-ekran-buduschego-ru-uhd,60,1,18,EPG,OK
Кино 4K,Bear TV Кино Нова RU UHD,Bear TV Кино Нова RU UHD,Xbear-tv-kinonova-ru-uhd,Xbear-tv-kinonova-ru-uhd,63,1,19,EPG,OK
Кино 4K,Bear TV КиноФокус RU UHD,Bear TV КиноФокус RU UHD,Xbear-tv-kinofokus-ru-uhd,Xbear-tv-kinofokus-ru-uhd,63,1,19,EPG,OK
Кино 4K,Bear TV ФильмПоток RUUHD,Bear TV ФильмПоток RUUHD,Xbear-tv-filmpotok-ru-uhd,Xbear-tv-filmpotok-ru-uhd,64,1,19,EPG,OK
Кино 4K,Bear TV КиноМикс RU UHD,Bear TV КиноМикс RU UHD,Xbear-tv-kinomiks-ru-uhd,Xbear-tv-kinomiks-ru-uhd,56,1,17,EPG,OK
Кино 4K,Bear TV КиноКлассика RU UHD,Bear TV КиноКлассика RU UHD,Xbear-tv-kinoklassika-ru-uhd,Xbear-tv-kinoklassika-ru-uhd,62,1,19,EPG,OK
Кино 4K,Bear TV СуперСеанс RU UHD,Bear TV СуперСеанс RU UHD,Xbear-tv-superseans-ru-uhd,Xbear-tv-superseans-ru-uhd,59,1,18,EPG,OK
Кино 4K,Bear TV КиноДом RU UHD,Bear TV КиноДом RU UHD,Xbear-tv-kinodom-ru-uhd,Xbear-tv-kinodom-ru-uhd,58,1,17,EPG,OK
Кино 4K,Bear TV КиноПланета RU UHD,Bear TV КиноПланета RU UHD,Xbear-tv-kinoplaneta-ru-uhd,Xbear-tv-kinoplaneta-ru-uhd,63,1,20,EPG,OK
Кино 4K,Bear TV КиноНочь RU UHD,Bear TV КиноНочь RU UHD,Xbear-tv-kinonoch-ru-uhd,Xbear-tv-kinonoch-ru-uhd,58,1,18,EPG,OK
Кино 4K,Bear TV КиноПортал RU UHD,Bear TV КиноПортал RU UHD,Xbear-tv-kinoportal-ru-uhd,Xbear-tv-kinoportal-ru-uhd,64,1,19,EPG,OK
Кино 4K,Bear TV Экран Премиум RU UHD,Bear TV Экран Премиум RU UHD,Xbear-tv-ekran-premium-ru-uhd,Xbear-tv-ekran-premium-ru-uhd,62,1,19,EPG,OK
Кино 4K,Bear TV КиноСвет RU UHD,Bear TV КиноСвет RU UHD,Xbear-tv-kinosvet-ru-uhd,Xbear-tv-kinosvet-ru-uhd,58,1,17,EPG,OK
Кино 4K,Bear TV ФильмЭкспресс RU UHD,Bear TV ФильмЭкспресс RU UHD,Xbear-tv-filmekspress-ru-uhd,Xbear-tv-filmekspress-ru-uhd,63,1,18,EPG,OK
Кино 4K,Bear TV Парк Кино RU UHD,Bear TV Парк Кино RU UHD,Xbear-tv-park-kino-ru-uhd,Xbear-tv-park-kino-ru-uhd,63,1,19,EPG,OK
Кино 4K,Bear TV Время Кино RU UHD,Bear TV Время Кино RU UHD,Xbear-tv-vremja-kino-ru-uhd,Xbear-tv-vremja-kino-ru-uhd,61,1,19,EPG,OK
Кино 4K,Bear TV КиноМаяк RU UHD,Bear TV КиноМаяк RU UHD,Xbear-tv-kinomajak-ru-uhd,Xbear-tv-kinomajak-ru-uhd,62,1,19,EPG,OK
Кино 4K,Bear TV КиноБаза RU UHD,Bear TV КиноБаза RU UHD,Xbear-tv-kinobaza-ru-uhd,Xbear-tv-kinobaza-ru-uhd,64,1,19,EPG,OK
Кино 4K,Bear TV ФильмЗона RU UHD,Bear TV ФильмЗона RU UHD,Xbear-tv-filmzona-ru-uhd,Xbear-tv-filmzona-ru-uhd,69,1,21,EPG,OK
Кино 4K,Bear TV КиноИмперия RU UHD,Bear TV КиноИмперия RU UHD,Xbear-tv-kinoimperija-ru-uhd,Xbear-tv-kinoimperija-ru-uhd,66,1,20,EPG,OK
Кино 4K,Bear TV Экран Хит RU UHD,Bear TV Экран Хит RU UHD,Xbear-tv-ekran-hit-ru-uhd,Xbear-tv-ekran-hit-ru-uhd,63,1,19,EPG,OK
Кино 4K,Bear TV Линия Кино RU UHD,Bear TV Линия Кино RU UHD,Xbear-tv-linija-kino-ru-uhd,Xbear-tv-linija-kino-ru-uhd,61,1,19,EPG,OK
Кино 4K,Bear TV КиноРитм RU UHD,Bear TV КиноРитм RU UHD,Xbear-tv-kinoritm-ru-uhd,Xbear-tv-kinoritm-ru-uhd,64,1,19,EPG,OK
Кино 4K,Bear TV Сеанс 24/7 RU UHD,Bear TV Сеанс 24/7 RU UHD,Xbear-tv-seans-24-ru-uhd,Xbear-tv-seans-24-ru-uhd,61,1,19,EPG,OK
Кино 4K,Bear TV Киномания RU UHD,Bear TV Киномания RU UHD,Xbear-tv-kinomanija-ru-uhd,Xbear-tv-kinomanija-ru-uhd,53,1,16,EPG,OK
Кино 4K,Velilla TV Cinema 4K,Velilla TV Cinema 4K,velilla4K,velilla4K,72,0,0,,NO_CURRENT_PROGRAMME;NO_NEXT_PROGRAMME
Кино 4K,Velilla TV  The X - Files 4K,Velilla TV  The X - Files 4K,velillathexfiles4k,velillathexfiles4k,193,1,1,EPG,OK
USSR,MM USSR Сказки HD,MM USSR Сказки HD,Xminimax-ussr-skazki,Xminimax-ussr-skazki,111,1,12,EPG,OK
