family,playlist_name,playlist_tvg_id,group
BCU,BCU Kids HD,Xbcu-multzal,Детские
BCU,BCU NEW MEDIA 2,,Кинозалы
BOX,BOX Remast Plus 4K,Xbox-remast-plus-4k.png,Кино 4K
BOX,Box Sport Live 12 HD,,Спорт
BOX,Box Sport Live 13 HD,,Спорт
BOX,Box Sport Live 14 HD,,Спорт
BOX,Box Sport Live 15 HD,,Спорт
Clarity,Clarity4K HDR Cinema MIX 1,,Кино 4K
Clarity,Clarity4K HDR Cinema MIX 10,,Кино 4K
Clarity,Clarity4K HDR Cinema MIX 11,,Кино 4K
Clarity,Clarity4K HDR Cinema MIX 2,,Кино 4K
Clarity,Clarity4K HDR Cinema MIX 3,,Кино 4K
Clarity,Clarity4K HDR Cinema MIX 4,,Кино 4K
Clarity,Clarity4K HDR Cinema MIX 5,,Кино 4K
Clarity,Clarity4K HDR Cinema MIX 6,,Кино 4K
Clarity,Clarity4K HDR Cinema MIX 7,,Кино 4K
Clarity,Clarity4K HDR Cinema MIX 8,,Кино 4K
Clarity,Clarity4K HDR Cinema MIX 9,,Кино 4K
DITV,DITV Детский досуг,no_epg_mult,Детские
DITV,DITV Детский канал,no_epg_mult,Детские
DITV,DITV Мультфильмы для малышей,no_epg_mult,Детские
DITV,DITV Сборник мультфильмов сказок,no_epg_mult,Детские
DITV,DITV Союзмултфилм,no_epg_mult,Детские
DITV,DITV Фиксики  4К,no_epg_mult,Детские
DITV,DITV XXX 18+,no_epg_xxx,Для взрослых
DITV,DITV Concert,no_epg_cinema,Кинозалы
DITV,DITV Game of Thrones,no_epg_cinema,Кинозалы
DITV,DITV Walt Disney,no_epg_cinema,Кинозалы
DITV,DITV Агент национальной безопасности,no_epg_cinema,Кинозалы
DITV,DITV Американские комедии 80-90-х,no_epg_cinema,Кинозалы
DITV,DITV ГАРИ ПОТЕР,no_epg_cinema,Кинозалы
DITV,DITV Глухарь,no_epg_cinema,Кинозалы
DITV,DITV Карпов,no_epg_cinema,Кинозалы
DITV,DITV КЛАССИКА ИНДИЙСКОГО КИНО,no_epg_cinema,Кинозалы
DITV,DITV КОМЕДИИ,no_epg_cinema,Кинозалы
DITV,DITV КОМЕДИИ 90-х,no_epg_cinema,Кинозалы
DITV,DITV КОМЕДИИ СССР,no_epg_cinema,Кинозалы
DITV,DITV комедийные сериалы,no_epg_cinema,Кинозалы
DITV,DITV комедийные сериалы,no_epg_cinema,Кинозалы
DITV,DITV Куба,no_epg_cinema,Кинозалы
DITV,DITV Лихач,no_epg_cinema,Кинозалы
DITV,DITV ПАТРИОТ,no_epg_cinema,Кинозалы
DITV,DITV Про акул,no_epg_cinema,Кинозалы
DITV,DITV Про вампиров,no_epg_cinema,Кинозалы
DITV,DITV Пятницкий,no_epg_cinema,Кинозалы
DITV,DITV Пёс,no_epg_cinema,Кинозалы
DITV,DITV СССР 4К,no_epg_cinema,Кинозалы
DITV,DITV Счастливы вместе,no_epg_cinema,Кинозалы
DITV,DITV ФИЛЬМЫ,no_epg_cinema,Кинозалы
DITV,DITV ФИЛЬМЫ УЖАСОВ 80-х,no_epg_cinema,Кинозалы
DITV,DITV 4К,,Познавательные
DITV,DITV Дикая природа 4К,,Познавательные
DITV,DITV Кулинария,,Познавательные
KLI,KLI Новинки 4K Ultra HD,Xklinovinci4k,Кино 4K
KLI,KLI Новинки HD,Xklinovinci,Кинозалы
Other,24 Kitchen,X24.Kitchen.bg,Болгария
Other,Channel 11,channel11.il,Израиль
Other,Channel 14 HD,,Израиль
Other,Channel 24,,Израиль
Other,Кино 24/7,,Кино
Other,Кіно Та Серіали,,Кино
Other,Кіно на Різдво,,Кинозалы UA
Other,Містика і Таємниц,,Кинозалы UA
Other,Різдво,jk_rizdvo,Кинозалы UA
Other,TV Jūrmala,TVJurmala.lv@SD,Литва
Other,A TV,,Молдова
Other,100% NL,,Музыкальные
Other,538 T,,Музыкальные
Other,11 канал Дніпро,,Украинские
Other,Візит HD,,Украинские
Other,Вікторина,,Украинские
Other,Віта  ТБ (Вінниця) HD,,Украинские
Other,Діти проти зірок HD,,Украинские
Other,Місто+,,Украинские
Other,Сімейні мелодрами+,,Украинские
Other,Šláger Original,,Чехия
Other,Šláger Premium,,Чехия
Other: +BAKU,+BAKU TV,,Азербайджан
Other: 5Sport,5Sport,,Израиль
Other: A1,A1 TV,,BE & NL
Other: AABC,AABC,,Армения
Other: Action,Action 24 GR,Xaction24-gr,Греция
Other: Activa,Activa T,,Музыкальные
Other: Agro,Agro HD,,Молдова
Other: Alpha,Alpha GR,Xalpha-gr,Греция
Other: Amazing,Amazing Discoveries TV Live Stream,,Канада
Other: Anal,Anal,,Для взрослых
Other: Ant,Ant 1 GR,Xant1-gr,Греция
Other: Antwerpen,Antwerpen Live,,BE & NL
Other: Arena,Arena Premium 4 HD,,Спорт
Other: Arena,Arena Premium 5 HD,,Спорт
Other: Aristo,Aristo TV,,Германия
Other: ARTN,ARTN,Xartn-am,Армения
Other: Atv,Atv Antwerpen,,BE & NL
Other: ATV,ATV Azerbaijan HD AZ,,Азербайджан
Other: BEATTV,BEATTV,,BE & NL
Other: BeIN,BeIN EXTRAS,,Спорт
Other: Bel,Bel RTL,,BE & NL
Other: Best,Best of Dance TV,,Музыкальные
Other: betking,betking live 1,,Спорт
Other: betking,betking live 2,,Спорт
Other: Betking,Betking Live 3,,Спорт
Other: BG,BG on AIR,XBulgaria.ON.AIR.bg,Болгария
Other: BNR,BNR Nieuwsradio,,BE & NL
Other: BOLLYSHOW,BOLLYSHOW,,Израиль
Other: Bolywood,Bolywood,,Румыния
Other: BOX_MUSIC2_4K,BOX_MUSIC2_4K,,Музыкальные
Other: BOX_SPORT_LIVE_4K,BOX_SPORT_LIVE_4K,,Спорт
Other: BR6,BR6 TV,,BE & NL
Other: Bucuresti,Bucuresti TV HD,,Румыния
Other: Busuioc,Busuioc TV,,Молдова
Other: BX1,BX1,XBX1.be,BE & NL
Other: Canal,Canal 11 International,,Спорт
Other: CANAL+,CANAL+ Sport 2 (SK),Xba674f276a1f7dbe4c756d9ea0b50a38,SkyLink
Other: Carac,Carac 1,,BE & NL
Other: Carac,Carac 2,,BE & NL
Other: Carac,Carac 3,,BE & NL
Other: Carac,Carac 4,,BE & NL
Other: CBC,CBC Azerbaijan TV HD AZ,,Азербайджан
Other: CBS,CBS Europa HD,XCBS.Europa.pl,Польша
Other: CBS,CBS Reality RO,XCBS.Reality.ro,Румыния
Other: Channel21,Channel21 HD,X405758,Германия
Other: CineManExExEx,CineManExExEx,no_epg_xxx,Для взрослых
Other: CineManExExEx,CineManExExEx TWO,no_epg_xxx,Для взрослых
Other: City,City News Toronto,city-news-toronto,Канада
Other: ClipMyHorse,ClipMyHorse.TV,,Германия
Other: Club,Club 3,,Германия
Other: CMC,CMC TV,,Хорватия
Other: CodeFashion,CodeFashion HD,Xcodefashion.bg,Болгария
Other: Company,Company TV,,Музыкальные
Other: Crime,Crime Time HD,,Германия
Other: D1,D1 (Дніпропетровщина),,Украинские
Other: Dave,Dave HD,,UK
Other: DAZN,DAZN 1 ESPANA,,Спорт
Other: DAZN,DAZN 2 ESPAÑA,,Спорт
Other: DAZN,DAZN Ring,,Спорт
Other: DAZN,DAZN TV,,Спорт
Other: DDF,DDF Network,,Для взрослых
Other: Deep,Deep House District,,Музыкальные
Other: Diema,Diema,XDiema.bg,Болгария
Other: Diema,Diema Family HD,XDiema.Family.bg,Болгария
Other: Direct,Direct One HU,,Венгрия
Other: Discovery,Discovery Science HD RO,,Румыния
Other: Dit,Dit is Helmond,,BE & NL
Other: DSTV,DSTV,,Болгария
Other: Dubai,Dubai Sports 2,,Спорт
Other: Dubai,Dubai Sports 3,,Спорт
Other: EDM,EDM Mainstage,,Музыкальные
Other: EGO,EGO TOTAL,,Израиль
Other: Energy,Energy Music,,Музыкальные
Other: Enjoy,Enjoy Television,,Музыкальные
Other: Entertaiment,Entertaiment,,Израиль
Other: Euronews,Euronews Bulgaria,,Болгария
Other: Eurosport,Eurosport 3 HD,Xeurosport3,Спорт
Other: FEN,FEN HD,,Болгария
Other: FIFA+,FIFA+ HD (French),fifaplusfrench,Спорт
Other: FIFA+,FIFA+ HD (German),fifaplusgerman,Спорт
Other: FIFA+,FIFA+ HD (Hispan America),fifaplushispanamerica,Спорт
Other: FIFA+,FIFA+ HD (Italy),fifaplusitaly,Спорт
Other: FIFA+,FIFA+ HD (Portugal),fifaplusportugal,Спорт
Other: FIFA+,FIFA+ HD (Spain),fifaplusesp,Спорт
Other: FIFA+,FIFA+ HD (USA),fifaplususa,Спорт
Other: FIFA+,FIFA+ Women HD,fifapluswomen,Спорт
Other: Filmbox,Filmbox NL HD,XFilmbox.nl.nl,BE & NL
Other: FilmBox,FilmBox Extra HD HU,XFilmbox.Extra.HD.hu,Венгрия
Other: Filmbox,Filmbox Family  HU,XFilmbox.Family.hu,Венгрия
Other: FilmBox,FilmBox Stars HU,XFilmBox.Stars.hu,Венгрия
Other: Filmbox,Filmbox Prem,XFilmbox.Premium.ro,Румыния
Other: FilmZone,FilmZone,Xfilmzone,Кино
Other: FintGa,FintGa 1,,Спорт
Other: FintGa,FintGa 2,,Спорт
Other: FintGa,FintGa 3,,Спорт
Other: FintGa,FintGa 4,,Спорт
Other: Fishing,The Fishing&Hunting Channel HD,,Болгария
Other: Fishing,Fishing&Hunting RO,,Румыния
Other: FlixSpin,FlixSpin,Xpervy-obrazovatelny,Познавательные
Other: FOMO,FOMO,,Израиль
Other: Food,Food Network HD IL,XFoodNetwork.il,Израиль
Other: Football,Football Live 1,,Спорт
Other: Football,Football Live 10,,Спорт
Other: Football,Football Live 11,,Спорт
Other: Football,Football Live 12,,Спорт
Other: Football,Football Live 13,,Спорт
Other: Football,Football Live 2,,Спорт
Other: Football,Football Live 3,,Спорт
Other: Football,Football Live 4,,Спорт
Other: Football,Football Live 5,,Спорт
Other: Football,Football Live 6,,Спорт
Other: Football,Football Live 7,,Спорт
Other: Football,Football Live 8,,Спорт
Other: Football,Football Live 9,,Спорт
Other: FUN,FUN,,Израиль
Other: Fun,Fun Radio TV,,Музыкальные
Other: Global,Global 24,,Молдова
Other: Global,Global 24,,Молдова
Other: Glory,Glory Kickboxing,,Спорт
Other: Good,The Good Life,XLifeStyle.il,Израиль
Other: GUNAZ,GUNAZ TV AZ,,Азербайджан
Other: Haber,Haber Global HD TUR,XHaber.Global.tr,Турция
Other: Hala,Hala TV,,Израиль
Other: Halk,Halk TV,XHalk.TV.tr,Турция
Other: Handystar,Handystar TV HD,,Германия
Other: Happy,Happy Radio,,Музыкальные
Other: HBO,HBO AXN,,Румыния
Other: Health,Health Channel,XHealthChannel.il,Израиль
Other: Hidabroot,Hidabroot,hidabrot.il,Израиль
Other: High,High Vision,,Армения
Other: Hinuhit,Hinuhit,2711,Израиль
Other: HLN,HLN Live,,BE & NL
Other: Hohenrausch,Hohenrausch,,Германия
Other: Hot,Hot HBO HD,X991611,Израиль
Other: House,House Floor,,Музыкальные
Other: HRT,HRT Int.,,Хорватия
Other: HRT1,HRT1,,Хорватия
Other: Hype,Hype Radio TV,,Музыкальные
Other: IBIZA,IBIZA TV,,Музыкальные
Other: Ictimai,Ictimai TV AZ,,Азербайджан
Other: Idman,Idman AZ,,Азербайджан
Other: Impact,Impact TV 2,,Музыкальные
Other: Impact,Impact TV Dance,,Музыкальные
Other: Israel,Israel Music,,Израиль
Other: ITV,ITV 1 HD,,UK
Other: ITV,ITV 2 HD,,UK
Other: ITV,ITV 3 HD,,UK
Other: ITV,ITV 4 HD,,UK
Other: ITV,ITV HD (Рівне),,Украинские
Other: Jiho,Jihočeská televize,,Чехия
Other: Jim,Jim Jam Ro,,Румыния
Other: jk_desperate,jk_desperate,,Кинозалы
Other: jk_SexandCity,jk_SexandCity,,Кинозалы
Other: Joker,Joker: Twin Peaks,jk_Twin_Peaks,Кинозалы UA
Other: Joker,Joker: Том та Джеррі,jk_TomJery,Кинозалы UA
Other: Joker,Joker:Кращі фільми 2024,jk_top2024,Кинозалы UA
Other: Junior,Junior,,Израиль
Other: Kabala,Kabala,,Израиль
Other: Kabbalah,Kabbalah,,Израиль
Other: Kan,Kan Educational,,Израиль
Other: Ketnet,Ketnet Junior,,BE & NL
Other: Kids,Kids Stars HD,,Болгария
Other: Kinoerotica,Kinoerotica HD,no_epg_xxx,Для взрослых
Other: Knesset,Knesset Channel,XKnessetChannel.il,Израиль
Other: Konservatorebi,Konservatorebi,,Грузия
Other: Kvartal,Kvartal TV int. HD,,Украинские
Other: LangLab,LangLab,,Германия
Other: Limburg,Limburg 1,,BE & NL
Other: Limburg,TV Limburg,,BE & NL
Other: Live,Live Sport 1,,Спорт
Other: Live,Live Sport 2,,Спорт
Other: Logi,Logi,,Израиль
Other: Lost,Lost HD,,Кино
Other: Luban,TV Luban,,Польша
Other: Luli,Luli TV,,Израиль
Other: M-1,M-1,,Латвия
Other: Magyar,Magyar ATV HU,,Венгрия
Other: Makan,Makan 33 IL,X991780,Израиль
Other: Man,Man City 24/7,,Спорт
Other: Medeniyyet,Medeniyyet AZ,,Азербайджан
Other: Mega,Mega TV,,Грузия
Other: Mega,Mega TV,,Турция
Other: Melodie,Melodie TV NEU,,Германия
Other: Mikan,Mikan,,Израиль
Other: MMA,MMA Junkie,,Спорт
Other: MNML,MNML | The deeper side of Tech and House,,Музыкальные
Other: Moldova,Moldova TV,,Молдова
Other: Montreal,Montreal Greek TV,,Греция
Other: Music,Music 24,,Израиль
Other: Music,Music Top,,Музыкальные
Other: Musicbox,Musicbox 80s,,Музыкальные
Other: Musicbox,Musicbox 90s,,Музыкальные
Other: Muzzik,Muzzik TV,,Музыкальные
Other: N24,N24,,Румыния
Other: Nea,Nea TV,Xmega-gr,Греция
Other: NGC,NGC HD,,BE & NL
Other: Nickelodeon,Nickelodeon Baltic,Xnickelodeon-baltic,Литва
Other: NIEDERBAYERN,NIEDERBAYERN TV HD,,Германия
Other: Noord,TV Noord,XTV.Noord.nl,BE & NL
Other: Noroc,Noroc HD,,Молдова
Other: Notele,Notele,,BE & NL
Other: Nova,Nova HD,XNova.TV.bg,Болгария
Other: Nova,Nova Sport,XNova.Sport.bg,Болгария
Other: NTV,NTV Live Stream,,Канада
Other: Ocko,Ocko tv MUSIK,,Музыкальные
Other: One,One Terra HD,,Германия
Other: ONE,ONE TV HD,,Молдова
Other: Ontario,Ontario Parliament Network Live Stream,,Канада
Other: Oost,TV Oost,,BE & NL
Other: ORF,ORF 2 EUROPE,,Германия
Other: ORF,ORF HITRADIO OE3 VISUAL,,Германия
Other: OTV,OTV HD,Xotv-lv,Латвия
Other: OTVA,OTVA HD,,Германия
Other: Oxygen,Oxygen Music,,Музыкальные
Other: PAI,PAI Музика,,Музыкальные
Other: Pimple,Pimple 1,,Спорт
Other: Pimple,Pimple 2,,Спорт
Other: Pimple,Pimple 3,,Спорт
Other: Pimple,Pimple 4,,Спорт
Other: Pimple,Pimple 5,,Спорт
Other: Pimple,Pimple 6,,Спорт
Other: Play4,Play4,,BE & NL
Other: Play5,Play5,,BE & NL
Other: Play6,Play6,XPlay6.be,BE & NL
Other: Play7,Play7,XPlay7.be,BE & NL
Other: PLUS+,PLUS+,,Израиль
Other: Polar,Polar 2 HD,,Чехия
Other: Polar,Polar HD,,Чехия
Other: Power,Power Hit Radio,,Латвия
Other: Power,Power Love,,Турция
Other: PowerT,PowerTürk,,Турция
Other: PowerT,PowerTürk Akustik,,Турция
Other: PowerT,PowerTürk Slow,,Турция
Other: PowerT,PowerTürk Taptaze,,Турция
Other: Prima,Prima TV RO,,Румыния
Other: Privesc,Privesc.Eu HD,,Молдова
Other: Pro,Pro Cinema HD,,Румыния
Other: ProSieben,ProSieben Sat.1 UHD,,Германия
Other: ProTV,ProTV,,Румыния
Other: ProTV,ProTV HD,,Румыния
Other: ProTV,ProTV International,,Румыния
Other: ProX,ProX,,Румыния
Other: QC,".QC.ca"" tvg-name=""ICI Television"", ICI Television","XICI.Tele.(CBFT-DT).Montréal,.QC.ca",Канада
Other: Qmusic,Qmusic,,BE & NL
Other: QVC,QVC STYLE HD,,Германия
Other: R9,R9 Oesterreich HD,,Германия
Other: Radio,Radio SWH TV,RadioSWHTV.lv@SD,Литва
Other: Radio,Radio Contact,,Музыкальные
Other: RAI,RAI 2 HD,,Италия
Other: RAI,RAI 4 HD,,Италия
Other: Rai,Rai 4K,,Италия
Other: RAI,RAI 5 HD,,Италия
Other: RAI,RAI Gulp HD,,Италия
Other: RAI,RAI Movie HD,,Италия
Other: RAI,RAI Scuola HD,,Италия
Other: RAI,RAI Storia HD,,Италия
Other: RAI,RAI YOYO HD,,Италия
Other: Rcheuli,Rcheuli TV,,Грузия
Other: Real,Real TV HD AZ,,Азербайджан
Other: Realitatea+,Realitatea+,,Румыния
Other: Record,Record Rock,,Музыкальные
Other: Republika,Republika TV,,Польша
Other: Retro,Retro Plus Senal Dos,,Музыкальные
Other: Retro,Retro Music Television,,Чехия
Other: RFM,RFM TV,,Музыкальные
Other: Rioni,Rioni 2,XRioni2,Грузия
Other: Rlive,Rlive HD,,Молдова
Other: RMC,RMC Life HD,,BE & NL
Other: Romania,Romania TV,,Румыния
Other: RTL,RTL UP Austria,,Германия
Other: RTL,RTL 102.4 Radio Zeta,,Музыкальные
Other: RTL,RTL 102.5 Best,,Музыкальные
Other: RTL,RTL 102.5 Bro&Sis,,Музыкальные
Other: RTL,RTL 102.5 Caliente,,Музыкальные
Other: RTL,RTL 102.5 Disco,,Музыкальные
Other: RTL,RTL 102.5 Napulè,,Музыкальные
Other: RTL,RTL 102.5 Radio Visione,,Музыкальные
Other: RTL,RTL 102.5 Traffic,,Музыкальные
Other: Russian,Russian HD,,Для взрослых
Other: Saperavi,Saperavi TV,XSaperavi,Грузия
Other: SERIEN,SERIEN + HD,,Германия
Other: ServusTV,ServusTV HD Oesterreich,,Германия
Other: SES,SES UHD Demo Channel,,Германия
Other: SES,SES UHD Demo Channel 06,,Германия
Other: Sfero,Sfero TV,,Грузия
Other: Shelanu,Shelanu TV,,Израиль
Other: ShopLC,ShopLC HD,,Германия
Other: Sky,Sky Cinema Drama HD,,UK
Other: Sky,Sky Cinema Greats HD,,UK
Other: Sky,Sky Cinema Sci-Fi HD,,UK
Other: Soul,Soul&Pepper TV HD,,Болгария
Other: Space,Space TV AZ,,Азербайджан
Other: Speranta,Speranta,,Румыния
Other: Sport,Sport 10,,BE & NL
Other: Sport,Sport 5 Gold,X5Gold.il,Израиль
Other: Sport,Sport 3 UA HD,,Спорт
Other: Sport,Sport 4 UA,,Спорт
Other: Sportdigital,Sportdigital EDGE,X76705,Германия
Other: Star,Star GR,Xstar-gr,Греция
Other: Star,Star Media,,Кино
Other: Star,Star TV,,Молдова
Other: Stimmungsgarten,Stimmungsgarten TV,,Германия
Other: SWEET,SWEET КIНО HD,,Кинозалы UA
Other: Tataf,Tataf,,Румыния
Other: Tech,Tech House | Algorhythm,,Музыкальные
Other: Tele,Tele 7 Music,,Музыкальные
Other: Telestar,Telestar 1,,Румыния
Other: Tezaur,Tezaur HD,,Молдова
Other: TF,TF 1 Series Film HD,,BE & NL
Other: TFavorit,TFavorit,,Румыния
Other: This,This is Bulgaria,,Болгария
Other: TIC,TIC (Одеса),,Украинские
Other: Top,Top Barca,,Спорт
Other: Topaz,Topaz 2 AZ,,Азербайджан
Other: Total,Total Music 2000s,,Музыкальные
Other: Total,Total Music Concerts,,Музыкальные
Other: Total,Total Music Dance,,Музыкальные
Other: Trace,Trace Brazil,Xtrace-brasil,Музыкальные
Other: Treehouse,Treehouse,XTreehouse.ca,Канада
Other: TRT,TRT Eba Ortaokul,XTRT.Eba.tr,Турция
Other: TRT,TRT Sport Yildiz HD TR,XTRT.Spor.Yıldız.tr,Турция
Other: TV1,TV1 OOE NEU,,Германия
Other: TV7+,TV7+ Проскурів,,Украинские
Other: TV8,TV8 HD,,Молдова
Other: TVM,TVM 3,,Музыкальные
Other: TVR,TVR,,Молдова
Other: TVR,TVR Iasi,,Румыния
Other: TVR2,TVR2,,Румыния
Other: TVR3,TVR3,,Румыния
Other: V2Beat,V2Beat TV Live,,Музыкальные
Other: VB,VB TV,,Молдова
Other: Veronica,Veronica/DisneyXD HD,XVeronica/Disney.XD.nl,BE & NL
Other: VEVO,VEVO 90S,,Музыкальные
Other: Viasat,Viasat Explore Best HD,,Познавательные
Other: Viasat,Viasat History Best HD,,Познавательные
Other: Viasat,Viasat Nature Best HD,,Познавательные
Other: VIP,VIP Sport 1,,Спорт
Other: VIP,VIP Sport 11,,Спорт
Other: VIP,VIP Sport 12,,Спорт
Other: VIP,VIP Sport 13,,Спорт
Other: ViP,ViP Sport 14,,Спорт
Other: ViP,ViP Sport 15,,Спорт
Other: ViP,ViP Sport 16,,Спорт
Other: ViP,ViP Sport 17,,Спорт
Other: VIP,VIP Sport 2,,Спорт
Other: VIP,VIP Sport 3,,Спорт
Other: VIP,VIP Sport 4,,Спорт
Other: VIP,VIP Sport 5,,Спорт
Other: VIP,VIP Sport 6,,Спорт
Other: VIP,VIP Sport 7,,Спорт
Other: VIP,VIP Sport 8,,Спорт
Other: VIP,VIP Sport 9,,Спорт
Other: VIVA,VIVA H,,Музыкальные
Other: Volksmusik,Volksmusik.TV NEU,,Германия
Other: VTM,VTM Non-Stop 90s,XVTM.NON-STOP.DOKTERS.be,BE & NL
Other: W9,W9 HD,,BE & NL
Other: We,We Sport,,Молдова
Other: Wness,Wness TV HD,,Болгария
Other: WTV,WTV,,BE & NL
Other: Xazar,Xazar TV AZ,,Азербайджан
Other: Xplore,Xplore HD,,Германия
Other: Yaldut,Yaldut,,Израиль
Other: Yamtihoni,Yamtihoni,,Израиль
Other: Yes,Yes TV Cinema,,Израиль
Other: YTV,YTV,XYTV.(Youth.Television).-.East.ca,Канада
Other: Zeruno,Zeruno TV,,Музыкальные
Other: ZooSweet,ZooSweet,,Познавательные
Other: ZU,ZU,,Румыния
Other: БНТ1,БНТ1,XBNT.bg,Болгария
Other: БНТ2,БНТ2,XBNT.2.bg,Болгария
Other: БНТ3,БНТ3,XBNT.4.bg,Болгария
Other: БНТ4,БНТ4,XBNT.4.bg,Болгария
Other: Вар,Вар'яти HD,,Украинские
Other: Вгадай,Вгадай Мелодію HD,,Украинские
Other: Вестник,Вестник Надыма,Xvestnik-nadyma,Россия
Other: Вещдок,Вещдок HD,,Украинские
Other: Випадковий,Випадковий Свідок,,Украинские
Other: Витрина,Витрина,,Россия
Other: ВТК,ВТК 41 Аргус,,Россия
Other: Детектив,Детектив HD,,Кино
Other: Детективи,Детективи HD,,Украинские
Other: Детектор,Детектор Брехні HD,,Украинские
Other: Дорами,Дорами Українською HD,,Кинозалы UA
Other: Евпатория,Евпатория 24,Xewpatorya24,Россия
Other: ЖВЛ+,ЖВЛ+,,Украинские
Other: Загублений,Загублений світ,,Познавательные
Other: Кинодром,Кинодром,,Кино
Other: Кинолаффка,Кинолаффка HD,,Кино
Other: Конкурент,Конкурент TV,,Украинские
Other: Континент,Континент Е,,Познавательные
Other: Кохання,Кохання на виживання HD,,Кинозалы UA
Other: Кривав,Криваві Квіти HD,,Кинозалы UA
Other: Легенды,Легенды Ретро FM,,Музыкальные
Other: Лента,Лента Кино,,Кино
Other: Март,Март (Миколаїв),,Украинские
Other: Мастер,Мастер Шеф,,Украинские
Other: Мелодрами,Мелодрами,,Украинские
Other: Мультф,Мультфільми для малечі HD,,Детские
Other: На,На Трьох HD,,Кинозалы UA
Other: Невигадан,Невигадані Історії HD,,Познавательные
Other: Новый,Новый Русский HD,,Кино
Other: НТВ,НТВ Сериал Невский,no_epg_cinema,Кино
Other: НТВ,НТВ Сериал Первый Отде,no_epg_cinema,Кино
Other: НТВ,НТВ Сериал Пять Минут Тишины,no_epg_cinema,Кино
Other: НТВ,НТВ Сериал Скорая Помощь,no_epg_cinema,Кино
Other: НТВ,НТВ Сериал Следствие Вели,no_epg_cinema,Кино
Other: НТВ,НТВ Сериал Шеф,no_epg_cinema,Кино
Other: НТК,НТК КОЛОМИЯ,,Украинские
Other: Опер,Опер за викликом,,Украинские
Other: Орб,Орбіта,,Украинские
Other: Орел,Орел и Решка,,Познавательные
Other: Перший,Перший Подільський,,Украинские
Other: Пес,Пес HD,,Кино
Other: Планета,Планета Фолк,,Болгария
Other: Полювання,Полювання на в бивцю HD,,Кинозалы UA
Other: Рев,Ревізор,,Украинские
Other: Релакс,Релакс,jk_relax,Кинозалы UA
Other: Родина,Родина ТВ,,Болгария
Other: Розсл,Розслідування з Данілевичем HD,,Украинские
Other: Романтичний,Романтичний Марафон HD,,Кинозалы UA
Other: Сер,Серіал Україна 1,,Кино
Other: Сер,Серіал Україна 2,,Кино
Other: Сл,Слідство ведуть екстрасенси HD,,Украинские
Other: Снятин,Снятин HD,,Украинские
Other: Справа,Справа НБР HD,,Украинские
Other: Стосу,Стосується Кожного,,Украинские
Other: Та,Таємниці ДНК HD,,Украинские
Other: ТВ,ТВ Скат,Xskat.bg,Болгария
Other: Тв,Твій Світ HD,,Кинозалы UA
Other: Телеплюс,Телеплюс,,Россия
Other: Топ,Кино Топ,,Кино
Other: ТРК,ТРК Круг,,Украинские
Other: Тянков,Тянков Ориент,,Болгария
Other: УПЛ,УПЛ ТВ 1,Xupltv1,Спорт
Other: УПЛ,УПЛ ТВ 2,Xupltv2,Спорт
Other: УПЛ,УПЛ ТВ 3,Xupltv3,Спорт
Other: Фен,Фен Фолк,,Болгария
Other: Ховаючи,Ховаючи колишню HD,,Кинозалы UA
Other: Хрон,Хроніки Війни,,Украинские
Other: Центр,Центр BY,,Беларусь
Other: Черн,Чернівецький промінь,,Украинские
Other: Честный,Честный Детекти,,Кино
Play-X,Play-X Военные сериалы,,Кино
Play-X,Play-X Кухня,,Кино
Play-X,Play-X Леонид Гайдай,,Кино
Play-X,Play-X Украинский кинозал 1 HD,,Кинозалы UA
Play-X,Play-X Украинский кинозал 2 HD,,Кинозалы UA
Play-X,Play-X Фильмы про войну в Украине,,Кинозалы UA
Play-X,Play-X Retro Disco,,Музыкальные
Play-X,Play-X UA music,,Музыкальные
Play-X,Play-X Дискотека 90-х,,Музыкальные
Play-X,Play-X Золото шансона,,Музыкальные
Play-X,Play-X Муз коллекция Дитер Болен,,Музыкальные
Play-X,Play-X Музыкальная дорожка 90-х,,Музыкальные
Play-X,Play-X Русский рок,,Музыкальные
Play-X,Play-X Хиты 80-x HD,,Музыкальные
Play-X,Play-X Хиты 90-х HD,,Музыкальные
VeleS,VeleS С Новым годом!,velesyear-new,Кинозалы
