playlist_name,playlist_tvg_id,group,region,family,candidate_reason,automatic_recovery_allowed
DITV Детский досуг,no_epg_mult,Детские,,DITV,cyrillic-topical-group,no
DITV Детский канал,no_epg_mult,Детские,,DITV,cyrillic-topical-group,no
DITV Мультфильмы для малышей,no_epg_mult,Детские,,DITV,cyrillic-topical-group,no
DITV Сборник мультфильмов сказок,no_epg_mult,Детские,,DITV,cyrillic-topical-group,no
DITV Союзмултфилм,no_epg_mult,Детские,,DITV,cyrillic-topical-group,no
DITV Фиксики  4К,no_epg_mult,Детские,,DITV,cyrillic-topical-group,no
Play-X Военные сериалы,,Кино,,Play-X,cyrillic-topical-group,no
Play-X Кухня,,Кино,,Play-X,cyrillic-topical-group,no
Play-X Леонид Гайдай,,Кино,,Play-X,cyrillic-topical-group,no
НТВ Сериал Невский,no_epg_cinema,Кино,,Other: НТВ,cyrillic-topical-group,no
НТВ Сериал Первый Отде,no_epg_cinema,Кино,,Other: НТВ,cyrillic-topical-group,no
НТВ Сериал Пять Минут Тишины,no_epg_cinema,Кино,,Other: НТВ,cyrillic-topical-group,no
НТВ Сериал Скорая Помощь,no_epg_cinema,Кино,,Other: НТВ,cyrillic-topical-group,no
НТВ Сериал Следствие Вели,no_epg_cinema,Кино,,Other: НТВ,cyrillic-topical-group,no
НТВ Сериал Шеф,no_epg_cinema,Кино,,Other: НТВ,cyrillic-topical-group,no
DITV Агент национальной безопасности,no_epg_cinema,Кинозалы,,DITV,cyrillic-topical-group,no
DITV Американские комедии 80-90-х,no_epg_cinema,Кинозалы,,DITV,cyrillic-topical-group,no
DITV ГАРИ ПОТЕР,no_epg_cinema,Кинозалы,,DITV,cyrillic-topical-group,no
DITV Глухарь,no_epg_cinema,Кинозалы,,DITV,cyrillic-topical-group,no
DITV Карпов,no_epg_cinema,Кинозалы,,DITV,cyrillic-topical-group,no
DITV КЛАССИКА ИНДИЙСКОГО КИНО,no_epg_cinema,Кинозалы,,DITV,cyrillic-topical-group,no
DITV КОМЕДИИ,no_epg_cinema,Кинозалы,,DITV,cyrillic-topical-group,no
DITV КОМЕДИИ 90-х,no_epg_cinema,Кинозалы,,DITV,cyrillic-topical-group,no
DITV КОМЕДИИ СССР,no_epg_cinema,Кинозалы,,DITV,cyrillic-topical-group,no
DITV комедийные сериалы,no_epg_cinema,Кинозалы,,DITV,cyrillic-topical-group,no
DITV комедийные сериалы,no_epg_cinema,Кинозалы,,DITV,cyrillic-topical-group,no
DITV Куба,no_epg_cinema,Кинозалы,,DITV,cyrillic-topical-group,no
DITV Лихач,no_epg_cinema,Кинозалы,,DITV,cyrillic-topical-group,no
DITV ПАТРИОТ,no_epg_cinema,Кинозалы,,DITV,cyrillic-topical-group,no
DITV Про акул,no_epg_cinema,Кинозалы,,DITV,cyrillic-topical-group,no
DITV Про вампиров,no_epg_cinema,Кинозалы,,DITV,cyrillic-topical-group,no
DITV Пятницкий,no_epg_cinema,Кинозалы,,DITV,cyrillic-topical-group,no
DITV Пёс,no_epg_cinema,Кинозалы,,DITV,cyrillic-topical-group,no
DITV СССР 4К,no_epg_cinema,Кинозалы,,DITV,cyrillic-topical-group,no
DITV Счастливы вместе,no_epg_cinema,Кинозалы,,DITV,cyrillic-topical-group,no
DITV ФИЛЬМЫ,no_epg_cinema,Кинозалы,,DITV,cyrillic-topical-group,no
DITV ФИЛЬМЫ УЖАСОВ 80-х,no_epg_cinema,Кинозалы,,DITV,cyrillic-topical-group,no
Play-X Дискотека 90-х,,Музыкальные,,Play-X,cyrillic-topical-group,no
Play-X Золото шансона,,Музыкальные,,Play-X,cyrillic-topical-group,no
Play-X Муз коллекция Дитер Болен,,Музыкальные,,Play-X,cyrillic-topical-group,no
Play-X Музыкальная дорожка 90-х,,Музыкальные,,Play-X,cyrillic-topical-group,no
Play-X Русский рок,,Музыкальные,,Play-X,cyrillic-topical-group,no
Play-X Хиты 80-x HD,,Музыкальные,,Play-X,cyrillic-topical-group,no
Play-X Хиты 90-х HD,,Музыкальные,,Play-X,cyrillic-topical-group,no
DITV 4К,,Познавательные,,DITV,cyrillic-topical-group,no
DITV Дикая природа 4К,,Познавательные,,DITV,cyrillic-topical-group,no
DITV Кулинария,,Познавательные,,DITV,cyrillic-topical-group,no
Центр BY,,Беларусь,BY,Other: Центр,provider-region,review
Детектив HD,,Кино,,Other: Детектив,cyrillic-topical-group,review
Кино 24/7,,Кино,,Other,cyrillic-topical-group,review
Кино Топ,,Кино,,Other: Топ,cyrillic-topical-group,review
Кинодром,,Кино,,Other: Кинодром,cyrillic-topical-group,review
Кинолаффка HD,,Кино,,Other: Кинолаффка,cyrillic-topical-group,review
Лента Кино,,Кино,,Other: Лента,cyrillic-topical-group,review
Новый Русский HD,,Кино,,Other: Новый,cyrillic-topical-group,review
Пес HD,,Кино,,Other: Пес,cyrillic-topical-group,review
РуКино HD,Xrukino-hd,Кино,,Other: РуКино,cyrillic-topical-group,review
Честный Детекти,,Кино,,Other: Честный,cyrillic-topical-group,review
Live Музыка,,Музыкальные,,Other: Live,cyrillic-topical-group,review
PAI Музика,,Музыкальные,,Other: PAI,cyrillic-topical-group,review
Легенды Ретро FM,,Музыкальные,,Other: Легенды,cyrillic-topical-group,review
Континент Е,,Познавательные,,Other: Континент,cyrillic-topical-group,review
Орел и Решка,,Познавательные,,Other: Орел,cyrillic-topical-group,review
Rutube TV,Xrutube-tv,Россия,RU,Other: Rutube,provider-region,review
Вестник Надыма,Xvestnik-nadyma,Россия,RU,Other: Вестник,provider-region,review
Витрина,,Россия,RU,Other: Витрина,provider-region,review
ВТК 41 Аргус,,Россия,RU,Other: ВТК,provider-region,review
Телеплюс,,Россия,RU,Other: Телеплюс,provider-region,review
УПЛ ТВ 1,Xupltv1,Спорт,,Other: УПЛ,cyrillic-topical-group,review
УПЛ ТВ 2,Xupltv2,Спорт,,Other: УПЛ,cyrillic-topical-group,review
УПЛ ТВ 3,Xupltv3,Спорт,,Other: УПЛ,cyrillic-topical-group,review
