playlist_name,group,expected_tvg_id,actual_tvg_id,actual_tvg_name,epg_validated,duplicate_name_count,status
НТВ +1,Россия,Xntv-pl1,Xntv-pl1,НТВ +1,False,1,no_validated_programme
Лен ТВ 24,Россия,Чlot-47,Чlot-47,Лен ТВ 24,False,1,no_validated_programme
Криминальное HD,Кино,Xkriminalnoe-hd,Xkriminalnoe-hd,Криминальное HD,False,1,no_validated_programme
Детское Кино International,Кино,6261,6261,Детское Кино International,False,1,no_validated_programme
VHS-ка Сериал,Сериалы,Xvhska-serial,Xvhska-serial,VHS-ка Сериал,False,1,no_validated_programme
FilmBox+ festival,Кино,,9507,FilmBox+ festival,False,1,protected_unmatched_has_epg_hint
Советская Киноклассика HD,Кино,Xsov-kinklass-hd,Xsov-kinklass-hd,Советская Киноклассика HD,False,1,no_validated_programme
Советское кино,USSR,Xsov-kinklass,Xsov-kinklass,Советское кино,False,1,no_validated_programme
Пес HD,Сериалы,pes-ua,pes-ua,Пес HD,False,1,no_validated_programme
RED Premium HD,Кино,11043,11043,RED Premium HD,False,1,no_validated_programme
Госфильмофонд. Машина времени HD,Кино,Xgosfilmofond-mv,Xgosfilmofond-mv,Госфильмофонд. Машина времени HD,False,1,no_validated_programme
BCU Fantasy HDR,Кинозалы,bcu-fantasy,bcu-fantasy,BCU Fantasy HDR,False,1,no_validated_programme
BCU Fantastic HDR,Кинозалы,bcu-fantastic,Xbcu-media-3-hdr,BCU Fantastic HDR,False,2,wrong_tvg_id;no_validated_programme
BCU Fantastic HDR,Кинозалы,bcu-fantastic,bcu-fantastic,BCU Fantastic HDR,False,2,no_validated_programme
TVPlay Космический,Кинозалы,ch3771,ch3771,TVPlay Космический,False,1,no_validated_programme
KLI Action HD,Кинозалы,kli-action-hd,kli-action-hd,KLI Action HD,False,1,no_validated_programme
KLI Kinozakaz,Кинозалы,99936,99936,KLI Kinozakaz,False,1,no_validated_programme
KLI Полицейский с Рублёвки,Сериалы,Xkliclub,Xkliclub,KLI Полицейский с Рублёвки,False,1,no_validated_programme
KLI Comedy HD,Кинозалы,Xklicomedi,Xklicomedi,KLI Comedy HD,False,1,no_validated_programme
KLI Детективы HD,Сериалы,Xklidocu,Xklidocu,KLI Детективы HD,False,1,no_validated_programme
KLI DRAMA HD,Кинозалы,Xklidrama,Xklidrama,KLI DRAMA HD,False,1,no_validated_programme
KLI Family HD,Кинозалы,Xklifamily,Xklifamily,KLI Family HD,False,1,no_validated_programme
KLI Fantastic HD,Кинозалы,Xklifantastica,Xklifantastica,KLI Fantastic HD,False,1,no_validated_programme
KLI Fantasy HD,Кинозалы,Xklifantasy,Xklifantasy,KLI Fantasy HD,False,1,no_validated_programme
KLI Horror FHD,Кинозалы,Xklihorror,Xklihorror,KLI Horror FHD,False,1,no_validated_programme
KLI Marvel HD,Кинозалы,Xklimarvel,Xklimarvel,KLI Marvel HD,False,1,no_validated_programme
KLI Premium HD,Кинозалы,Xklipremium,Xklipremium,KLI Premium HD,False,1,no_validated_programme
KLI Russian HD,Кинозалы,Xklirussian,Xklirussian,KLI Russian HD,False,1,no_validated_programme
KLI Thriller HD,Кинозалы,kli-thriller-hd,kli-thriller-hd,KLI Thriller HD,False,1,no_validated_programme
KLI VHS HD,Кинозалы,Xklivhs,Xklivhs,KLI VHS HD,False,1,no_validated_programme
KLI Киносерия HD,Сериалы,Xklikinoseries,Xklikinoseries,KLI Киносерия HD,False,1,no_validated_programme
KLI Битва Экстрасенсов,Кинозалы,99925,99925,KLI Битва Экстрасенсов,False,1,no_validated_programme
BCU Праздники HDR,Кино 4K,bcu-prazdniki,bcu-prazdniki,BCU Праздники HDR,False,1,no_validated_programme
KLI UHD 4K,Кино 4K,XKLIUHD4K,XKLIUHD4K,KLI UHD 4K,False,1,no_validated_programme
KLI Новинки 4K Ultra HD,Кино 4K,Xklinovinci4k,Xklinovinci4k,KLI Новинки 4K Ultra HD,False,1,no_validated_programme
Eurosport 2 HD,Спорт,Eurosport 2 HD DE,Eurosport 2 HD DE,Eurosport 2 HD,False,2,no_validated_programme
Сила HD,Спорт,Xsila,Xsila,Сила HD,False,1,no_validated_programme
BOX Sport 10 live 4K,Спорт,ch3171,ch3171,BOX Sport 10 live 4K,False,1,no_validated_programme
DAZN Fast,Спорт,Xdazn-fast-de,Xdazn-fast-de,DAZN Fast,False,1,no_validated_programme
Box Sport 11 Live 4K,Спорт,ch3289,ch3289,Box Sport 11 Live 4K,False,1,no_validated_programme
BOX Sport 12 live HD,Спорт,ch3469,ch3469,BOX Sport 12 live HD,False,1,no_validated_programme
BOX Sport 13 live HD,Спорт,box-sport-13-live,box-sport-13-live,BOX Sport 13 live HD,False,1,no_validated_programme
BOX Sport 14 live HD,Спорт,ch2855,ch2855,BOX Sport 14 live HD,False,1,no_validated_programme
BOX Sport 15 live HD,Спорт,ch1509,ch1509,BOX Sport 15 live HD,False,1,no_validated_programme
Play Sports 1 [BE],Спорт,play-sport-1-be,play-sport-1-be,Play Sports 1 [BE],False,1,no_validated_programme
Play Sports 2 [BE],Спорт,play-sport-2-be,play-sport-2-be,Play Sports 2 [BE],False,1,no_validated_programme
Discovery Channel HD,Познавательные,X991598,X991598,Discovery Channel HD,False,2,no_validated_programme
Загородный International,Познавательные,Xzagorodny-int,Xzagorodny-int,Загородный International,False,1,no_validated_programme
Терра Инкогнита HD,Познавательные,terra-inkognita,terra-inkognita,Терра Инкогнита HD,False,1,no_validated_programme
Неизвестная Россия HD,Познавательные,Xneizvestnaya-rosia,Xneizvestnaya-rosia,Неизвестная Россия HD,False,1,no_validated_programme
Наша тема HD,Познавательные,Xnasha-tema,Xnasha-tema,Наша тема HD,False,1,no_validated_programme
Мир вокруг HD,Познавательные,Xmir-vokrug,Xmir-vokrug,Мир вокруг HD,False,1,no_validated_programme
Вкус HD,Познавательные,Xvkus,Xvkus,Вкус HD,False,1,no_validated_programme
Русская История HD,Познавательные,Xrus-istoria,Xrus-istoria,Русская История HD,False,1,no_validated_programme
Нано,Познавательные,Xnano-tv,Xnano-tv,Нано,False,1,no_validated_programme
RT Док HD,Познавательные,2295,2295,RT Док HD,False,1,no_validated_programme
Світ+,Познавательные UA,Xsvit-plus-ua,Xsvit-plus-ua,Світ+,False,1,no_validated_programme
One Planet + HD,Познавательные UA,one-planet,one-planet,One Planet + HD,False,1,no_validated_programme
Світ навиворіт+ HD,Познавательные UA,svit-navyvorit-plus-ua,svit-navyvorit-plus-ua,Світ навиворіт+ HD,False,1,no_validated_programme
Baby TV,Детские,Xbaby-tv,Xbaby-tv,Baby TV,False,2,no_validated_programme
Cartoonito,Детские,XCartoonito.ro,XCartoonito.ro,Cartoonito,False,1,no_validated_programme
Смайлик ТВ,Детские,Xsmaylik-tv,Xsmaylik-tv,Смайлик ТВ,False,1,no_validated_programme
Повний Мульт,Детские,Xpovnyi-mult-ua,Xpovnyi-mult-ua,Повний Мульт,False,1,no_validated_programme
BCU Kids HD,Детские,Xbcu-multzal,Xbcu-multzal,BCU Kids HD,False,1,no_validated_programme
Карусель Int,Детские,Xkarusel-int,Xkarusel-int,Карусель Int,False,1,no_validated_programme
Sweet Мультфільми HD,Детские,sweet-multfilmy-ua,sweet-multfilmy-ua,Sweet Мультфільми HD,False,1,no_validated_programme
KLI Мультики HD,Детские,Kklimult,Kklimult,KLI Мультики HD,False,1,no_validated_programme
KLI Looney Tunes,Детские,99935,99935,KLI Looney Tunes,False,1,no_validated_programme
KLI Tom and Jerry,Детские,99934,99934,KLI Tom and Jerry,False,1,no_validated_programme
KLI Альф,Детские,99937,99937,KLI Альф,False,1,no_validated_programme
KLI Винни Пух и его друзья,Детские,99931,99931,KLI Винни Пух и его друзья,False,1,no_validated_programme
KLI Простоквашино,Детские,99932,99932,KLI Простоквашино,False,1,no_validated_programme
KLI Лунтик,Детские,99930,99930,KLI Лунтик,False,1,no_validated_programme
KLI Утиные Истории,Детские,99929,99929,KLI Утиные Истории,False,1,no_validated_programme
KLI Черепашки-Ниндзя,Детские,99933,99933,KLI Черепашки-Ниндзя,False,1,no_validated_programme
KLI Черный Плащ,Детские,99927,99927,KLI Черный Плащ,False,1,no_validated_programme
KLI Чип и Дейл,Детские,99928,99928,KLI Чип и Дейл,False,1,no_validated_programme
KLI Kids FHD,Детские,99914,99914,KLI Kids FHD,False,1,no_validated_programme
Анекдот ТВ,Разное,Xanekdottv,Xanekdottv,Анекдот ТВ,False,1,no_validated_programme
Инсайт ТВ,Разное,2800,2800,Инсайт ТВ,False,1,no_validated_programme
Mooz Hits,Музыкальные,Xmooz-hits-ro,Xmooz-hits-ro,Mooz Hits,False,1,no_validated_programme
Music Box Gold,Музыкальные,ch650,ch650,Music Box Gold,False,1,no_validated_programme
Musicbox 80s,Музыкальные,musicbox-80s,musicbox-80s,Musicbox 80s,False,1,no_validated_programme
Musicbox 90s,Музыкальные,musicbox-90s,musicbox-90s,Musicbox 90s,False,1,no_validated_programme
Music box 00s,Музыкальные,musicbox-00s,musicbox-00s,Music box 00s,False,1,no_validated_programme
MusicBox Russia HD,Музыкальные,Music Box RU,Music Box RU,MusicBox Russia HD,False,1,no_validated_programme
KLI NOSTALGIA,Музыкальные,99939,99939,KLI NOSTALGIA,False,1,no_validated_programme
KLI Retro,Музыкальные,99938,99938,KLI Retro,False,1,no_validated_programme
Sky Sport 2 HD DE,Германия,Xsky-sport-hd2,Xsky-sport-hd2,Sky Sport 2 HD DE,False,1,no_validated_programme
Eurosport 2 HD,Германия,Eurosport 2 HD DE,Eurosport 2 HD DE,Eurosport 2 HD,False,2,no_validated_programme
HOT Comedy Central HD,Израиль,X991620,X991620,HOT Comedy Central HD,False,1,no_validated_programme
HOT Senior HD,Израиль,X991590,X991590,HOT Senior HD,False,1,no_validated_programme
Turkish Drama 2,Израиль,X991791,X991791,Turkish Drama 2,False,1,no_validated_programme
Turkish drama 3,Израиль,X1792,X1792,Turkish drama 3,False,1,no_validated_programme
Turkish Dramas HD,Израиль,X991613,X991613,Turkish Dramas HD,False,1,no_validated_programme
Yes Docu HD,Израиль,Xyes.Docu.HD.il,Xyes.Docu.HD.il,Yes Docu HD,False,1,no_validated_programme
Yes Movies Drama HD,Израиль,Xyes.Movies.Drama.il,Xyes.Movies.Drama.il,Yes Movies Drama HD,False,1,no_validated_programme
YES Israeli Cinema HD,Израиль,Xyes.Israeli.Cinema.HD.il,Xyes.Israeli.Cinema.HD.il,YES Israeli Cinema HD,False,1,no_validated_programme
Yes Movies Kids HD,Израиль,Xyes.Movies.Kids.il,Xyes.Movies.Kids.il,Yes Movies Kids HD,False,1,no_validated_programme
Baby TV,Израиль,Xbaby-tv,Xbaby-tv,Baby TV,False,2,no_validated_programme
Discovery Channel HD,Израиль,X991598,X991598,Discovery Channel HD,False,2,no_validated_programme
Animal Planet IL,Израиль,X991631,X991631,Animal Planet IL,False,1,no_validated_programme
Foody HD,Израиль,X991781,X991781,Foody HD,False,1,no_validated_programme
FilmBox+ Festival,Польша,9507,9507,FilmBox+ Festival,False,1,no_validated_programme
Pos TV,Грузия,XPosTV,XPosTV,Pos TV,False,1,no_validated_programme
Silk Sport 1,Грузия,XSilk1,XSilk1,Silk Sport 1,False,1,no_validated_programme
Silk Sport 2,Грузия,XSilk2,XSilk2,Silk Sport 2,False,1,no_validated_programme
Silk Sport 3,Грузия,XSilk3,XSilk3,Silk Sport 3,False,1,no_validated_programme
Setanta Sports 1,Грузия,XSetanta Sports 1,XSetanta Sports 1,Setanta Sports 1,False,1,no_validated_programme
Setanta Sports 3,Грузия,XSetanta Sports 3,XSetanta Sports 3,Setanta Sports 3,False,1,no_validated_programme
FashionBox HD,Болгария,fashionbox-hd,fashionbox-hd,FashionBox HD,False,1,no_validated_programme
Play Fictie,BE & NL,Play.Fictie.be,Play.Fictie.be,Play Fictie,False,1,no_validated_programme
Play Actie,BE & NL,XPlay6.be,XPlay6.be,Play Actie,False,1,no_validated_programme
Play Reality,BE & NL,XPlay7.be,XPlay7.be,Play Reality,False,1,no_validated_programme
TF1,BE & NL,TF1.HD.be,TF1.HD.be,TF1,False,1,no_validated_programme
France 3,BE & NL,France.3.HD.be,France.3.HD.be,France 3,False,1,no_validated_programme
France 2,BE & NL,France.2.HD.be,France.2.HD.be,France 2,False,1,no_validated_programme
France 4,BE & NL,France.4.HD.be,France.4.HD.be,France 4,False,1,no_validated_programme
France 5,BE & NL,France.5.HD.be,France.5.HD.be,France 5,False,1,no_validated_programme
La Une,BE & NL,La.Une.HD.be,La.Une.HD.be,La Une,False,1,no_validated_programme
24 KZ HD,Казахстан,13919,13919,24 KZ HD,False,1,no_validated_programme
Новое Телевидение HD,Казахстан,Xnovoe-televidenie,Xnovoe-televidenie,Новое Телевидение HD,False,1,no_validated_programme
Sport UZ,Узбекистан,Xuzsport,Xuzsport,Sport UZ,False,1,no_validated_programme
Penthouse Quickies HD,Для взрослых,Xpenthouse-quickies,Xpenthouse-quickies,Penthouse Quickies HD,False,1,no_validated_programme
Penthouse Reality TV,Для взрослых,Xpenthouse-quickies,Xpenthouse-quickies,Penthouse Reality TV,False,1,no_validated_programme
Penthouse Gold HD,Для взрослых,Xpenthouse-gold,Xpenthouse-gold,Penthouse Gold HD,False,1,no_validated_programme
M1 HD,,Xm1-ua,,,True,0,mapped_channel_missing_from_worker
M2 HD,,Xm2-ua,,,True,0,mapped_channel_missing_from_worker
BCU Premiere 3 HDR,,Xbcu-media-3-hdr,,,True,0,mapped_channel_missing_from_worker
EWTN Украина,,Xewtn-ua,,,True,0,mapped_channel_missing_from_worker
UA.Music HD,,ua-music,,,True,0,mapped_channel_missing_from_worker
MusicBox UA HD,,Xmusicbox-ua-hd,,,True,0,mapped_channel_missing_from_worker
