enabled,playlist_name,playlist_tvg_id,provider_group,region,source,source_id,notes
1,Детское Кино International,,,,iptvx-noarch,detkinoint-tviksel,verified 2026-08-16
1,Кино 1 international,,,,iptvx-noarch,kino1int-tviksel,verified 2026-08-16
1,Муви ТВ,,,,iptvx-noarch,muvitv,verified 2026-08-16
1,Тайна,,,,iptvx-noarch,tayna,verified 2026-08-16
1,Киносезон,,,,iptvx-noarch,kinosezon,verified 2026-08-16
1,Timeless Dizi Channel,,,,iptvx-noarch,timeless-dizi,verified 2026-08-16
1,Патриот,,,,iptvx-noarch,patriot,verified 2026-08-16
1,Смотрим 100% Праздник,,,,iptvx-noarch,smotrim-100-prazdnik,iptvX ID verified via IPTVru; BCU catalog shows current programme through 2026-08-17; freshness gate required
1,Смотрим 100% Детское,,,,iptvx-noarch,smotrim-100-detskoe,iptvX ID verified via IPTVru; BCU catalog shows current programme through 2026-08-17; freshness gate required
1,Военное кино,,,,iptvx-noarch,voenkino-tviksel,exact iptvX channel/tvg-id verified 2026-08-16; freshness gate required
1,1+1 Кіно,,,,runigma-iptv,1plus1kino-ua,Runigma IPTV catalog + current XMLTV verified 2026-08-16; freshness gate required
1,Окко ТВ H,,,,iptvx-noarch,okko-tv,playlist name appears truncated; Only4 current catalog maps ОККО ТВ HD -> okko-tv; iptvX XMLTV ID verified; freshness gate required
1,Киножелезо HD,,,,iptvx-noarch,okko-tv,"Only4 current catalog explicitly maps КИНОЖЕЛЕЗО HD -> okko-tv with current EPG; iptvX okko-tv XMLTV verified; cross-provider identity, freshness gate required"
1,Киноман,,,,iptvx-noarch,kinosat,Only4 current catalog maps КИНОМАН -> kinosat with current EPG; iptvX Kиносат XMLTV verified; Peers also labels KИНОМАН under KиноСат
1,Смотрим 100% Классика,,,,iptvx-noarch,smotrim-100-klassika,iptvX ID verified via IPTVru; BCU catalog shows current programme through 2026-08-17; freshness gate required
1,Смотрим 100% Любовь,,,,iptvx-noarch,smotrim-100-lubov,iptvX ID verified via IPTVru; BCU catalog shows current programme through 2026-08-17; freshness gate required
1,Смотрим 100% Факты,,,,iptvx-noarch,smotrim-100-fakty,iptvX ID verified via IPTVru; BCU catalog shows current programme through 2026-08-17; freshness gate required
1,Смотрим 100% Мужское,,,,iptvx-noarch,smotrim-100-muzhskoe,iptvX ID verified via IPTVru; BCU catalog shows current programme through 2026-08-17; freshness gate required
1,Kino 2 HD,,,,iptvx-noarch,kino2-tviksel,iptvX exact Кино 2 XMLTV page uses tvg-id kino2-tviksel; SWEET.TV independently carries Kino 2 HD; freshness gate required
1,Magic Premiere,Xmagic-premiere,,,iptvx-noarch,magic-premiere,verified 2026-08-16; TVTEAM tvteam:ch3223; iptvX exact ID; use only if freshness gate finds current programmes
1,Magic Adventure,Xmagic-adventure,,,iptvx-noarch,magic-adventure,verified 2026-08-16; iptvX exact ID; EPG.pw also lists channel 7282; use only if freshness gate finds current programmes
1,Magic Russian,Xmagic-russian,,,iptvx-noarch,magic-russian,verified 2026-08-16; iptvX exact ID; EPG.pw channel 7402; use only if freshness gate finds current programmes
1,Magic Action,Xmagic-action,,,iptvx-noarch,magic-action,verified 2026-08-16; TVTEAM tvteam:ch1556; iptvX exact ID; use only if freshness gate finds current programmes
1,Magic Comedy,Xmagic-comedy,,,iptvx-noarch,magic-comedy,verified 2026-08-16; TVTEAM tvteam:ch1557; iptvX exact ID; use only if freshness gate finds current programmes
1,Magic Family,Xmagic-family,,,iptvx-noarch,magic-family,verified 2026-08-16; TVTEAM tvteam:ch1582; iptvX exact ID; use only if freshness gate finds current programmes
1,Magic Galaxy,Xmagic-galaxy,,,iptvx-noarch,magic-galaxy,verified 2026-08-16; TVTEAM tvteam:ch1559; iptvX exact ID; use only if freshness gate finds current programmes
1,Magic Horror,Xmagic-horror,,,iptvx-noarch,magic-horror,verified 2026-08-16; TVTEAM tvteam:ch1560; iptvX exact ID; use only if freshness gate finds current programmes
1,Magic Karate,Xmagic-karate,,,iptvx-noarch,magic-karate,verified 2026-08-16; TVTEAM tvteam:ch1561; iptvX exact ID; use only if freshness gate finds current programmes
1,Magic Love,Xmagic-love,,,iptvx-noarch,magic-love,verified 2026-08-16; TVTEAM tvteam:ch1581; iptvX exact ID; use only if freshness gate finds current programmes
1,Magic Thriller,Xmagic-thriller,,,iptvx-noarch,magic-thriller,verified 2026-08-16; TVTEAM tvteam:ch1562; iptvX exact ID; use only if freshness gate finds current programmes
1,Magic VHS,Xmagic-vhs,,,iptvx-noarch,magic-vhs,verified 2026-08-16; TVTEAM tvteam:ch1563; iptvX exact ID; use only if freshness gate finds current programmes
1,Magic Disney,Xmagic-disney,,,iptvx-noarch,magic-disney,verified 2026-08-16; TVTEAM tvteam:ch1558; iptvX exact ID; use only if freshness gate finds current programmes
1,CPS Action,,,,runigma-iptv,cps-action,Runigma exact channel ID; verified catalog mapping 2026-08-16; runtime freshness gate required
1,CPS Action,,,,openbox-tsd,cps-action,Openbox/t-s-d exact channel ID fallback; verified catalog mapping 2026-08-16; runtime freshness gate required
1,CPS Anime,,,,runigma-iptv,cps-anime,Runigma exact channel ID; verified catalog mapping 2026-08-16; runtime freshness gate required
1,CPS Anime,,,,openbox-tsd,cps-anime,Openbox/t-s-d exact channel ID fallback; verified catalog mapping 2026-08-16; runtime freshness gate required
1,CPS Comedy,,,,runigma-iptv,cps-comedy,Runigma exact channel ID; verified catalog mapping 2026-08-16; runtime freshness gate required
1,CPS Comedy,,,,openbox-tsd,cps-comedy,Openbox/t-s-d exact channel ID fallback; verified catalog mapping 2026-08-16; runtime freshness gate required
1,CPS Detective,,,,runigma-iptv,cps-detective,Runigma exact channel ID; verified catalog mapping 2026-08-16; runtime freshness gate required
1,CPS Detective,,,,openbox-tsd,cps-detective,Openbox/t-s-d exact channel ID fallback; verified catalog mapping 2026-08-16; runtime freshness gate required
1,CPS Drama,,,,runigma-iptv,cps-drama,Runigma exact channel ID; verified catalog mapping 2026-08-16; runtime freshness gate required
1,CPS Drama,,,,openbox-tsd,cps-drama,Openbox/t-s-d exact channel ID fallback; verified catalog mapping 2026-08-16; runtime freshness gate required
1,CPS Fiction,,,,runigma-iptv,cps-fiction,Runigma exact channel ID; verified catalog mapping 2026-08-16; runtime freshness gate required
1,CPS Fiction,,,,openbox-tsd,cps-fiction,Openbox/t-s-d exact channel ID fallback; verified catalog mapping 2026-08-16; runtime freshness gate required
1,CPS Fresh,,,,runigma-iptv,cps-fresh,Runigma exact channel ID; verified catalog mapping 2026-08-16; runtime freshness gate required
1,CPS Fresh,,,,openbox-tsd,cps-fresh,Openbox/t-s-d exact channel ID fallback; verified catalog mapping 2026-08-16; runtime freshness gate required
1,CPS Jackie Chan,,,,runigma-iptv,cps-jackie-chan,Runigma exact channel ID; verified catalog mapping 2026-08-16; runtime freshness gate required
1,CPS Jackie Chan,,,,openbox-tsd,cps-jackie-chan,Openbox/t-s-d exact channel ID fallback; verified catalog mapping 2026-08-16; runtime freshness gate required
1,CPS Mix,,,,runigma-iptv,cps-mix,Runigma exact channel ID; verified catalog mapping 2026-08-16; runtime freshness gate required
1,CPS Mix,,,,openbox-tsd,cps-mix,Openbox/t-s-d exact channel ID fallback; verified catalog mapping 2026-08-16; runtime freshness gate required
1,CPS Oscar,,,,runigma-iptv,cps-oscar,Runigma exact channel ID; verified catalog mapping 2026-08-16; runtime freshness gate required
1,CPS Oscar,,,,openbox-tsd,cps-oscar,Openbox/t-s-d exact channel ID fallback; verified catalog mapping 2026-08-16; runtime freshness gate required
1,CPS USSR,,,,runigma-iptv,cps-ussr,Runigma exact channel ID; verified catalog mapping 2026-08-16; runtime freshness gate required
1,CPS USSR,,,,openbox-tsd,cps-ussr,Openbox/t-s-d exact channel ID fallback; verified catalog mapping 2026-08-16; runtime freshness gate required
1,CPS Western,,,,runigma-iptv,cps-western,Runigma exact channel ID; verified catalog mapping 2026-08-16; runtime freshness gate required
1,CPS Western,,,,openbox-tsd,cps-western,Openbox/t-s-d exact channel ID fallback; verified catalog mapping 2026-08-16; runtime freshness gate required
1,CPS Fresh UA,,,,runigma-iptv,cps-fresh-ua,Runigma exact channel ID; verified catalog mapping 2026-08-16; runtime freshness gate required
1,CPS Fresh UA,,,,openbox-tsd,cps-fresh-ua,Openbox/t-s-d exact channel ID fallback; verified catalog mapping 2026-08-16; runtime freshness gate required
1,CPS Cartoon,,,,runigma-iptv,cps-cartoon,Runigma exact channel ID; verified catalog mapping 2026-08-16; runtime freshness gate required
1,CPS Cartoon,,,,openbox-tsd,cps-cartoon,Openbox/t-s-d exact channel ID fallback; verified catalog mapping 2026-08-16; runtime freshness gate required
1,BCU Action HDR,,,,iptvx-noarch,bcu-action,iptvX exact BCU family ID; verified catalog mapping 2026-08-16; runtime freshness gate required
1,BCU Comedy OLD,,,,iptvx-noarch,bcu-comedy,iptvX exact BCU family ID; verified catalog mapping 2026-08-16; runtime freshness gate required
1,BCU Cosmo HDR,,,,iptvx-noarch,bcu-cosmo,iptvX exact BCU family ID; verified catalog mapping 2026-08-16; runtime freshness gate required
1,BCU Fantastic HDR,,,,iptvx-noarch,bcu-fantastic,iptvX exact BCU family ID; verified catalog mapping 2026-08-16; runtime freshness gate required
1,BCU FilMystic HDR,,,,iptvx-noarch,bcu-filmystic,iptvX exact BCU family ID; verified catalog mapping 2026-08-16; runtime freshness gate required
1,BCU Premiere HDR,,,,iptvx-noarch,bcu-premiere,iptvX exact BCU family ID; verified catalog mapping 2026-08-16; runtime freshness gate required
1,BCU Premiere 1 HDR,,,,iptvx-noarch,bcu-kinozal-prem-1,iptvX exact BCU family ID; verified catalog mapping 2026-08-16; runtime freshness gate required
1,BCU Premiere 2 HDR,,,,iptvx-noarch,bcu-kinozal-prem-2,iptvX exact BCU family ID; verified catalog mapping 2026-08-16; runtime freshness gate required
1,BCU Сваты 4K,,,,openbox-tsd,bcu-svati-4k,Openbox/t-s-d BCU family ID; UTIFY interpreted as playlist typo for UNITY where applicable; verified catalog mapping 2026-08-16; runtime freshness gate required
1,BCU Action HDR,,,,openbox-tsd,bcu-action,Openbox/t-s-d BCU family ID; UTIFY interpreted as playlist typo for UNITY where applicable; verified catalog mapping 2026-08-16; runtime freshness gate required
1,BCU Comedy OLD,,,,openbox-tsd,bcu-comedy,Openbox/t-s-d BCU family ID; UTIFY interpreted as playlist typo for UNITY where applicable; verified catalog mapping 2026-08-16; runtime freshness gate required
1,BCU Cosmo HDR,,,,openbox-tsd,bcu-cosmo-hdr,Openbox/t-s-d BCU family ID; UTIFY interpreted as playlist typo for UNITY where applicable; verified catalog mapping 2026-08-16; runtime freshness gate required
1,BCU Fantastic HDR,,,,openbox-tsd,bcu-fantastic,Openbox/t-s-d BCU family ID; UTIFY interpreted as playlist typo for UNITY where applicable; verified catalog mapping 2026-08-16; runtime freshness gate required
1,BCU FilMystic HDR,,,,openbox-tsd,bcu-filmystic,Openbox/t-s-d BCU family ID; UTIFY interpreted as playlist typo for UNITY where applicable; verified catalog mapping 2026-08-16; runtime freshness gate required
1,BCU Marvel OLD,,,,openbox-tsd,bcu-marvel,Openbox/t-s-d BCU family ID; UTIFY interpreted as playlist typo for UNITY where applicable; verified catalog mapping 2026-08-16; runtime freshness gate required
1,BCU Premiere 1 HDR,,,,openbox-tsd,bcu-premiere-1,Openbox/t-s-d BCU family ID; UTIFY interpreted as playlist typo for UNITY where applicable; verified catalog mapping 2026-08-16; runtime freshness gate required
1,BCU Premiere 2 HDR,,,,openbox-tsd,bcu-premiere-2,Openbox/t-s-d BCU family ID; UTIFY interpreted as playlist typo for UNITY where applicable; verified catalog mapping 2026-08-16; runtime freshness gate required
1,BCU Premiere HDR,,,,openbox-tsd,bcu-premiere,Openbox/t-s-d BCU family ID; UTIFY interpreted as playlist typo for UNITY where applicable; verified catalog mapping 2026-08-16; runtime freshness gate required
1,BCU Reality OLD,,,,openbox-tsd,bcu-reality,Openbox/t-s-d BCU family ID; UTIFY interpreted as playlist typo for UNITY where applicable; verified catalog mapping 2026-08-16; runtime freshness gate required
1,BCU Romantic OLD,,,,openbox-tsd,bcu-romantic,Openbox/t-s-d BCU family ID; UTIFY interpreted as playlist typo for UNITY where applicable; verified catalog mapping 2026-08-16; runtime freshness gate required
1,BCU Russia 90s HD,,,,openbox-tsd,bcu-russia-90s,Openbox/t-s-d BCU family ID; UTIFY interpreted as playlist typo for UNITY where applicable; verified catalog mapping 2026-08-16; runtime freshness gate required
1,BCU Survival OLD,,,,openbox-tsd,bcu-survival,Openbox/t-s-d BCU family ID; UTIFY interpreted as playlist typo for UNITY where applicable; verified catalog mapping 2026-08-16; runtime freshness gate required
1,BCU_BIOGRAPHY_HDR,,,,openbox-tsd,bcu-biography,Openbox/t-s-d BCU family ID; UTIFY interpreted as playlist typo for UNITY where applicable; verified catalog mapping 2026-08-16; runtime freshness gate required
1,BCU_UTIFY_1_HDR,,,,openbox-tsd,bcu-unity-1,Openbox/t-s-d BCU family ID; UTIFY interpreted as playlist typo for UNITY where applicable; verified catalog mapping 2026-08-16; runtime freshness gate required
1,BCU_UTIFY_2_HD,,,,openbox-tsd,bcu-unity-2,Openbox/t-s-d BCU family ID; UTIFY interpreted as playlist typo for UNITY where applicable; verified catalog mapping 2026-08-16; runtime freshness gate required
1,BCU_UTIFY_3_HD,,,,openbox-tsd,bcu-unity-3,Openbox/t-s-d BCU family ID; UTIFY interpreted as playlist typo for UNITY where applicable; verified catalog mapping 2026-08-16; runtime freshness gate required
1,BCUMEDIA_3_HDR,,,,openbox-tsd,bcu-media-3,Openbox/t-s-d BCU family ID; UTIFY interpreted as playlist typo for UNITY where applicable; verified catalog mapping 2026-08-16; runtime freshness gate required
1,TVPlay DC Comics HD,,,,runigma-iptv,tvplay-comics-hd,Runigma exact TVPlay ID; verified catalog mapping 2026-08-16; runtime freshness gate required
1,TVPlay Indian Cinema,,,,runigma-iptv,tvplay-indiancinema,Runigma exact TVPlay ID; verified catalog mapping 2026-08-16; runtime freshness gate required
1,TVPlay Авторский перевод HD,,,,runigma-iptv,tvplay-avtorskiyperevod,Runigma exact TVPlay ID; verified catalog mapping 2026-08-16; runtime freshness gate required
1,TVPlay АЛЬФ,,,,runigma-iptv,tvplay-alf,Runigma exact TVPlay ID; verified catalog mapping 2026-08-16; runtime freshness gate required
1,TVPlay Игра Престолов HD,,,,runigma-iptv,tvplay-igraprestolov,Runigma exact TVPlay ID; verified catalog mapping 2026-08-16; runtime freshness gate required
1,TVPlay Латинские сериалы ретро,,,,runigma-iptv,tvplay-latserialretro,Runigma exact TVPlay ID; verified catalog mapping 2026-08-16; runtime freshness gate required
1,TVPlay Лихие 90е Сериал,,,,runigma-iptv,tvplay-lixie90serial,Runigma exact TVPlay ID; verified catalog mapping 2026-08-16; runtime freshness gate required
1,CineMan Дубляж СССР,,,,openbox-tsd,cineman-dublyazh-sssr,Openbox/t-s-d exact CineMan ID; verified catalog mapping 2026-08-16; runtime freshness gate required
1,CineMan Комедийные сериалы,,,,openbox-tsd,cineman-komediynie-seriali,Openbox/t-s-d exact CineMan ID; verified catalog mapping 2026-08-16; runtime freshness gate required
1,CineMan Комедийные сериалы,,,,runigma-iptv,cineman-ruserials,Runigma alternate listing for same CineMan branded channel; verified catalog mapping 2026-08-16; runtime freshness gate required
1,Cinema Action HD,,,,runigma-iptv,cinema-action-ua,Runigma exact UA family ID; verified catalog mapping 2026-08-16; runtime freshness gate required
1,Cinema Comedy HD,,,,runigma-iptv,cinema-comedy-ua,Runigma exact UA family ID; verified catalog mapping 2026-08-16; runtime freshness gate required
1,Cinema Family HD,,,,runigma-iptv,cinema-family-ua,Runigma exact UA family ID; verified catalog mapping 2026-08-16; runtime freshness gate required
1,Cinema Fantasy HD,,,,runigma-iptv,cinema-fantasy-ua,Runigma exact UA family ID; verified catalog mapping 2026-08-16; runtime freshness gate required
1,Cinema Kinohit HD,,,,runigma-iptv,cinema-kinohit-ua,Runigma exact UA family ID; verified catalog mapping 2026-08-16; runtime freshness gate required
1,Cinema Legend HD,,,,runigma-iptv,cinema-legend-ua,Runigma exact UA family ID; verified catalog mapping 2026-08-16; runtime freshness gate required
1,Cinema Megahit HD,,,,runigma-iptv,cinema-megahit-ua,Runigma exact UA family ID; verified catalog mapping 2026-08-16; runtime freshness gate required
1,Cinema Prime HD,,,,runigma-iptv,cinema-prime-ua,Runigma exact UA family ID; verified catalog mapping 2026-08-16; runtime freshness gate required
1,Kino Action HD,,,,runigma-iptv,kino-action-ua,Runigma exact UA family ID; verified catalog mapping 2026-08-16; runtime freshness gate required
1,Kino Comedy HD,,,,runigma-iptv,kino-comedy-ua,Runigma exact UA family ID; verified catalog mapping 2026-08-16; runtime freshness gate required
1,Kino Premiere HD,,,,runigma-iptv,kino-premiere-ua,Runigma exact UA family ID; verified catalog mapping 2026-08-16; runtime freshness gate required
1,Cinema Horrors HD,,,,openbox-tsd,cinema-horrors,Openbox/t-s-d exact ID; verified catalog mapping 2026-08-16; runtime freshness gate required
1,Action Prime HD,,,,openbox-tsd,action-prime,Openbox/t-s-d exact ID; verified catalog mapping 2026-08-16; runtime freshness gate required
1,Premium Action HD,,,,openbox-tsd,premium-action,Openbox/t-s-d exact ID; verified catalog mapping 2026-08-16; runtime freshness gate required
1,Premium Comedy HD,,,,openbox-tsd,premium-comedy,Openbox/t-s-d exact ID; verified catalog mapping 2026-08-16; runtime freshness gate required
1,TvBoom.ViP,,,,iptvx-noarch,tvboomvip,iptvX exact ID; live EPG updated 2026-08-16; verified 2026-08-16
1,KBC-В.О.В. HD,,,,openbox-tsd,kbc-vov,t-s-d exact KBC family ID; current catalogue has programmes through 2026-08-24; verified 2026-08-16; runtime freshness gate required
1,KBC-Comics HD,,,,openbox-tsd,kbc-comics,t-s-d exact KBC family ID; current catalogue has programmes through 2026-08-24; verified 2026-08-16; runtime freshness gate required
1,KBC-Elite comedy's HD,,,,openbox-tsd,kbc-elite-comedys,t-s-d exact KBC family ID; current catalogue has programmes through 2026-08-24; verified 2026-08-16; runtime freshness gate required
1,KBC-Fantastic HD,,,,openbox-tsd,kbc-fantastic,t-s-d exact KBC family ID; current catalogue has programmes through 2026-08-24; verified 2026-08-16; runtime freshness gate required
1,KBC-History HD,,,,openbox-tsd,kbc-history,t-s-d exact KBC family ID; current catalogue has programmes through 2026-08-24; verified 2026-08-16; runtime freshness gate required
1,KBC-Newfilm HD,,,,openbox-tsd,kbc-newfilm,t-s-d exact KBC family ID; current catalogue has programmes through 2026-08-24; verified 2026-08-16; runtime freshness gate required
1,KBC-WAR HD,,,,openbox-tsd,kbc-war,t-s-d exact KBC family ID; current catalogue has programmes through 2026-08-24; verified 2026-08-16; runtime freshness gate required
1,KBC-Russian Комедия HD,,,,openbox-tsd,kbc-russian-komediya,t-s-d exact KBC family ID; current catalogue has programmes through 2026-08-24; verified 2026-08-16; runtime freshness gate required
1,KBC-Видак HD,,,,openbox-tsd,kbc-vidak,t-s-d exact KBC family ID; current catalogue has programmes through 2026-08-24; verified 2026-08-16; runtime freshness gate required
1,KBC-ГАЙ Ritchie & Tarantino,,,,openbox-tsd,kbc-gay-ritchie-and-tarantino,t-s-d exact KBC family ID; current catalogue has programmes through 2026-08-24; verified 2026-08-16; runtime freshness gate required
1,KBC-ДрамаTic HD,,,,openbox-tsd,kbc-drama-tic,t-s-d exact KBC family ID; current catalogue has programmes through 2026-08-24; verified 2026-08-16; runtime freshness gate required
1,KBC-Вестерн HD,,,,openbox-tsd,kbc-vestern,t-s-d exact KBC family ID; current catalogue has programmes through 2026-08-24; verified 2026-08-16; runtime freshness gate required
1,KBC-Кошмарное HD,,,,openbox-tsd,kbc-koshmarnoe,t-s-d exact KBC family ID; current catalogue has programmes through 2026-08-24; verified 2026-08-16; runtime freshness gate required
1,KBC-Страна СССР,,,,openbox-tsd,kbc-strana-sssr,t-s-d exact KBC family ID; current catalogue has programmes through 2026-08-24; verified 2026-08-16; runtime freshness gate required
1,KBC-Animals HD,,,,openbox-tsd,kbc-animals,t-s-d exact KBC family ID; current catalogue has programmes through 2026-08-24; verified 2026-08-16; runtime freshness gate required
1,KBC-MusKino HD,,,,openbox-tsd,kbc-muskino,t-s-d exact KBC family ID; current catalogue has programmes through 2026-08-24; verified 2026-08-16; runtime freshness gate required
1,KBC-СпортМикс HD,,,,openbox-tsd,kbc-sportmiks,t-s-d exact KBC family ID; current catalogue has programmes through 2026-08-24; verified 2026-08-16; runtime freshness gate required
1,KBC-ГОБЛИН HD,,,,openbox-tsd,kbc-goblin,t-s-d exact KBC family ID; current catalogue has programmes through 2026-08-24; verified 2026-08-16; runtime freshness gate required
1,KBC-Шпионское HD,,,,openbox-tsd,kbc-shpionskoe,t-s-d exact KBC family ID; current catalogue has programmes through 2026-08-24; verified 2026-08-16; runtime freshness gate required
1,KBC-АНИМЕ HD,,,,openbox-tsd,kbc-anime,t-s-d exact KBC family ID; current catalogue has programmes through 2026-08-24; verified 2026-08-16; runtime freshness gate required
1,KBC-Легендарное HD,,,,openbox-tsd,kbc-legendarnoe,t-s-d exact KBC family ID; current catalogue has programmes through 2026-08-24; verified 2026-08-16; runtime freshness gate required
1,KBC-Союзмультзал,,,,openbox-tsd,kbc-soyuz-multzal,t-s-d exact KBC family ID; current catalogue has programmes through 2026-08-24; verified 2026-08-16; runtime freshness gate required
1,KBC-Family Animation HD,,,,openbox-tsd,kbc-family-animation,t-s-d exact KBC family ID; current catalogue has programmes through 2026-08-24; verified 2026-08-16; runtime freshness gate required
1,KBC-НАШ ROCK,,,,openbox-tsd,kbc-nash-rock,t-s-d exact KBC family ID; current catalogue has programmes through 2026-08-24; verified 2026-08-16; runtime freshness gate required
1,KBC+100500 (18+),,,,openbox-tsd,kbcplus100500,t-s-d exact KBC family ID; current catalogue has programmes through 2026-08-24; verified 2026-08-16; runtime freshness gate required
1,VeleS Криминальный,,,,openbox-tsd,veles-kriminalniy,t-s-d exact VeleS family mapping; current indexed schedule verified 2026-08-16; runtime freshness gate required
1,VeleS Наше Кино,,,,openbox-tsd,veles-nashe-kino,t-s-d exact VeleS family mapping; current indexed schedule verified 2026-08-16; runtime freshness gate required
1,VeleS Вестерн,,,,openbox-tsd,veles-vestern,t-s-d exact VeleS family mapping; current indexed schedule verified 2026-08-16; runtime freshness gate required
1,VeleS 60FPS,,,,openbox-tsd,veles-60fps,t-s-d exact VeleS family mapping; current indexed schedule verified 2026-08-16; runtime freshness gate required
1,VeleS С Новым годом!,,,,openbox-tsd,veles-newyear,t-s-d exact VeleS family mapping; current indexed schedule verified 2026-08-16; runtime freshness gate required
1,VeleS Комедия,,,,openbox-tsd,veles-komediya,t-s-d exact VeleS family mapping; current indexed schedule verified 2026-08-16; runtime freshness gate required
1,VeleS Аниме,,,,openbox-tsd,veles-anime,t-s-d exact VeleS family mapping; current indexed schedule verified 2026-08-16; runtime freshness gate required
1,VeleS Триллер,,,,openbox-tsd,veles-triller,t-s-d exact VeleS family mapping; current indexed schedule verified 2026-08-16; runtime freshness gate required
1,VeleS Семейный,,,,openbox-tsd,veles-semeyniy,t-s-d exact VeleS family mapping; current indexed schedule verified 2026-08-16; runtime freshness gate required
1,VeleS Гоблин,,,,openbox-tsd,veles-goblin,t-s-d exact VeleS family mapping; current indexed schedule verified 2026-08-16; runtime freshness gate required
1,VeleS Киносерия,,,,openbox-tsd,veles-kinoseries,t-s-d exact VeleS family mapping; current indexed schedule verified 2026-08-16; runtime freshness gate required
1,VeleS Premiere,,,,openbox-tsd,veles-premiere,t-s-d exact VeleS family mapping; current indexed schedule verified 2026-08-16; runtime freshness gate required
1,VeleS Страшное,,,,openbox-tsd,veles-strashnoe,t-s-d exact VeleS family mapping; current indexed schedule verified 2026-08-16; runtime freshness gate required
1,VeleS СССР,,,,openbox-tsd,veles-ussr,t-s-d exact VeleS family mapping; current indexed schedule verified 2026-08-16; runtime freshness gate required
1,VeleS Movie Hits,,,,openbox-tsd,veles-movies-hits,t-s-d exact VeleS family mapping; current indexed schedule verified 2026-08-16; runtime freshness gate required
1,VeleS Kids,,,,openbox-tsd,veles-kids,t-s-d exact VeleS family mapping; current indexed schedule verified 2026-08-16; runtime freshness gate required
1,KLI Action HD,,,,runigma-iptv,kli-action-hd,Runigma current catalog exact KLI identity verified 2026-08-16; runtime current-programme gate required
1,KLI Comedy HD,Xklicomedi,,,runigma-iptv,kli-komediya-hd,Runigma current catalog exact KLI identity verified 2026-08-16; runtime current-programme gate required
1,KLI DRAMA HD,Xklidrama,,,runigma-iptv,kli-drama-hd,Runigma current catalog exact KLI identity verified 2026-08-16; runtime current-programme gate required
1,KLI Family HD,Xklifamily,,,runigma-iptv,kli-family-hd,Runigma current catalog exact KLI identity verified 2026-08-16; runtime current-programme gate required
1,KLI Fantasy HD,Xklifantasy,,,runigma-iptv,kli-fantasy-hd,Runigma current catalog exact KLI identity verified 2026-08-16; runtime current-programme gate required
1,KLI Horror FHD,Xklihorror,,,runigma-iptv,kli-horror-fhd,Runigma current catalog exact KLI identity verified 2026-08-16; runtime current-programme gate required
1,KLI Marvel HD,Xklimarvel,,,runigma-iptv,kli-marvel-hd,Runigma current catalog exact KLI identity verified 2026-08-16; runtime current-programme gate required
1,KLI Premium HD,Xklipremium,,,runigma-iptv,kli-premium-hd,Runigma current catalog exact KLI identity verified 2026-08-16; runtime current-programme gate required
1,KLI Russian HD,Xklirussian,,,runigma-iptv,kli-russian-hd,Runigma current catalog exact KLI identity verified 2026-08-16; runtime current-programme gate required
1,KLI Thriller HD,,,,runigma-iptv,kli-thriller-hd,Runigma current catalog exact KLI identity verified 2026-08-16; runtime current-programme gate required
1,KLI VHS HD,Xklivhs,,,runigma-iptv,kli-vhs-hd,Runigma current catalog exact KLI identity verified 2026-08-16; runtime current-programme gate required
1,KLI Киносерия HD,Xklikinoseries,,,runigma-iptv,kli-kinoseriya-hd,Runigma current catalog exact KLI identity verified 2026-08-16; runtime current-programme gate required
1,KLI Новинки HD,Xklinovinci,,,runigma-iptv,kli-new-hd,Runigma current catalog exact KLI identity verified 2026-08-16; runtime current-programme gate required
1,KLI Retro,99938,,,runigma-iptv,kli-retro-hd,Runigma current catalog exact KLI identity verified 2026-08-16; runtime current-programme gate required
1,KLI СССР HD,Xkliussr,,,runigma-iptv,kli-sssr-hd,Runigma current catalog exact KLI identity verified 2026-08-16; runtime current-programme gate required
1,KLI UHD 4K,XKLIUHD4K,,,runigma-iptv,kli-uhd-4k,Runigma current catalog exact KLI identity verified 2026-08-16; runtime current-programme gate required
1,KLI Новинки 4K Ultra HD,Xklinovinci4k,,,runigma-iptv,kli-new-4k,Runigma current catalog exact KLI identity verified 2026-08-16; runtime current-programme gate required
1,KLI Мультики HD,Kklimult,,,runigma-iptv,kli-mult-hd,Runigma current catalog exact KLI identity verified 2026-08-16; runtime current-programme gate required
1,KLI Kids FHD,99914,,,runigma-iptv,kli-kids-fhd,Runigma current catalog exact KLI identity verified 2026-08-16; runtime current-programme gate required
1,Velilla TV Домашний HD,velillatvdomashniy,,,iptvx-noarch,velilla-domashny,Velilla identity confirmed by provider catalog; iptvX canonical alias verified 2026-08-16; runtime current-programme gate required
1,Velilla TV Magenta Musik Festivals HD,magentamusik,,,iptvx-noarch,velilla-magentamusik,Velilla identity confirmed by provider catalog; iptvX canonical alias verified 2026-08-16; runtime current-programme gate required
