enabled,observed_at,playlist_name,observed_title,origin,notes
1,2026-09-04T19:10:00-07:00,BCU VHS HD,Адвокат дьявола,user-live,TV screen observation
1,2026-09-04T19:10:00-07:00,BOX Oscar HD,Аватар,user-live,TV screen observation
1,2026-09-04T19:15:00-07:00,BCU Criminal HDR,Васаби,user-live,TV screen observation
1,2026-09-10T07:33:01.458411+00:00,Insomnia HD,НЕЧТО,movie-live-observer,high-confidence OCR; zone=top_left_tight; engine=tesseract; score=21.25
1,2026-09-10T08:21:01.414674+00:00,Insomnia HD,ВОЛЧЬЯ ЯМА,movie-live-observer,high-confidence OCR; zone=top_left_tight; engine=tesseract; score=22.25
1,2026-09-10T08:21:01.414674+00:00,РуКино HD,ЧЕТЫРЕ ВОЗРАСТА ЛЮБВИ,movie-live-observer,high-confidence OCR; zone=top_left_tight; engine=tesseract; score=24.75
1,2026-09-10T08:21:01.414674+00:00,DITV ФИЛЬМЫ,Свадь,movie-live-observer,high-confidence OCR; zone=bottom_band; engine=tesseract; score=16.25
1,2026-09-10T08:21:01.414674+00:00,DITV КОМЕДИИ,Амели (2001),movie-live-observer,high-confidence OCR; zone=left_bottom_tight; engine=tesseract; score=16.25
1,2026-09-10T08:21:01.414674+00:00,MM Honey HD,Большое шоу Акулёнка: Сезон 1 | 1-3 4 / | os,movie-live-observer,high-confidence OCR; zone=bottom_band; engine=tesseract; score=23.0
1,2026-09-10T08:21:01.414674+00:00,DITV КЛАССИКА ИНДИЙСКОГО КИНО,Sree | iy Nhs,movie-live-observer,high-confidence OCR; zone=top_band; engine=tesseract; score=12.25
1,2026-09-10T09:22:17.798480+00:00,Thriller HD,РАСПЛАТА,movie-live-observer,high-confidence OCR; zone=top_left; engine=tesseract; score=17.0
1,2026-09-10T09:22:17.798480+00:00,VeleS Киноплёнка,= дыма,movie-live-observer,high-confidence OCR; zone=bottom_band; engine=tesseract; score=13.0
1,2026-09-10T09:22:17.798480+00:00,DITV Про акул,Акулий торнадо,movie-live-observer,high-confidence OCR; zone=left_bottom; engine=tesseract; score=18.25
1,2026-09-10T09:22:17.798480+00:00,DITV КЛАССИКА ИНДИЙСКОГО КИНО,отныне”,movie-live-observer,high-confidence OCR; zone=left_bottom_tight; engine=tesseract; score=16.5
1,2026-09-10T09:22:17.798480+00:00,MM Honey HD,Цветняшки: Сезон 1 | 1,movie-live-observer,high-confidence OCR; zone=left_bottom; engine=tesseract; score=18.5
1,2026-09-10T10:16:43.959916+00:00,Кинолаффка HD,«ТРЕНАЖЕР,movie-live-observer,high-confidence OCR; zone=top_left_tight; engine=tesseract; score=22.0
1,2026-09-10T10:16:43.959916+00:00,DITV Про вампиров,Клыки ночи,movie-live-observer,high-confidence OCR; zone=left_bottom; engine=tesseract; score=17.25
1,2026-09-10T10:16:43.959916+00:00,DITV ФИЛЬМЫ,Горько | = \ \,movie-live-observer,high-confidence OCR; zone=bottom_band; engine=tesseract; score=21.5
1,2026-09-10T10:16:43.959916+00:00,DITV ГАРИ ПОТЕР,Sound Mixers TIMOTHY BLACKHAM,movie-live-observer,high-confidence OCR; zone=top_band; engine=tesseract; score=15.0
1,2026-09-10T10:16:43.959916+00:00,DITV КОМЕДИИ,Чудо в камере № 7,movie-live-observer,high-confidence OCR; zone=left_bottom_tight; engine=tesseract; score=22.75
1,2026-09-10T10:16:43.959916+00:00,DITV Американские комедии 80-90-х,Поменяться местами,movie-live-observer,high-confidence OCR; zone=left_bottom_tight; engine=tesseract; score=24.25
1,2026-09-10T10:16:43.959916+00:00,DITV КОМЕДИИ 90-х,Голый пистолет 2 1/2: Запах страха (1991),movie-live-observer,high-confidence OCR; zone=left_bottom_tight; engine=tesseract; score=23.0
1,2026-09-10T10:16:43.959916+00:00,DITV СССР 4К,Спортлото-82 (1982 ),movie-live-observer,high-confidence OCR; zone=left_bottom; engine=tesseract; score=17.25
1,2026-09-10T11:19:26.763809+00:00,DITV Американские комедии 80-90-х,Поменяться местами,movie-live-observer,high-confidence OCR; zone=left_bottom_tight; engine=tesseract; score=24.25
1,2026-09-10T12:22:50.667292+00:00,MM Honey HD,Щенячий патруль: Сезон 1 | 1-3,movie-live-observer,high-confidence OCR; zone=left_bottom_tight; engine=tesseract; score=19.75
1,2026-09-10T13:23:04.300578+00:00,РуКино HD,МЕРТВЫЕ ЛАСТОЧКИ,movie-live-observer,high-confidence OCR; zone=top_left_tight; engine=tesseract; score=23.75
1,2026-09-10T13:23:04.300578+00:00,Детектив HD,"© ООО ""Стар Меди",movie-live-observer,high-confidence OCR; zone=left_bottom_tight; engine=tesseract; score=22.75
1,2026-09-10T13:23:04.300578+00:00,DITV ФИЛЬМЫ УЖАСОВ 80-х,Ночь страха (1985),movie-live-observer,high-confidence OCR; zone=left_bottom; engine=tesseract; score=17.5
1,2026-09-10T13:23:04.300578+00:00,DITV КОМЕДИИ,Достать коротышку,movie-live-observer,high-confidence OCR; zone=bottom_band; engine=tesseract; score=19.0
1,2026-09-10T13:23:04.300578+00:00,DITV КОМЕДИИ 90-х,Маска (1994),movie-live-observer,high-confidence OCR; zone=left_bottom_tight; engine=tesseract; score=21.25
1,2026-09-10T14:19:34.532524+00:00,DITV ФИЛЬМЫ УЖАСОВ 80-х,Нечто (1982),movie-live-observer,high-confidence OCR; zone=left_bottom; engine=tesseract; score=21.25
1,2026-09-10T14:19:34.532524+00:00,DITV КОМЕДИИ,Достать коротышку,movie-live-observer,high-confidence OCR; zone=bottom_band; engine=tesseract; score=24.0
1,2026-09-10T14:19:34.532524+00:00,MM Honey HD,Щенячий патруль: Сезон 1 | 4-6,movie-live-observer,high-confidence OCR; zone=left_bottom; engine=tesseract; score=19.75
1,2026-09-10T14:19:34.532524+00:00,DITV КОМЕДИИ СССР,Золотой телёнок (1968),movie-live-observer,high-confidence OCR; zone=bottom_band; engine=tesseract; score=18.5
1,2026-09-10T17:26:10.769997+00:00,DITV КОМЕДИИ,Амели (2001),movie-live-observer,high-confidence OCR; zone=bottom_band; engine=tesseract; score=21.25
1,2026-09-10T17:26:10.769997+00:00,MM Приключения HD,Три мушкетёра (2023),movie-live-observer,high-confidence OCR; zone=bottom_band; engine=tesseract; score=18.0
1,2026-09-10T17:26:10.769997+00:00,MM Фантастика HD,Проект «Конец света» (2026) 2.“ ЧР у,movie-live-observer,high-confidence OCR; zone=left_bottom; engine=tesseract; score=19.75
1,2026-09-10T18:21:50.064744+00:00,DITV ФИЛЬМЫ,орько,movie-live-observer,high-confidence OCR; zone=bottom_band; engine=tesseract; score=16.25
1,2026-09-10T18:21:50.064744+00:00,MM Приключения HD,\ АХ. HEEL Keyed,movie-live-observer,high-confidence OCR; zone=bottom_band; engine=tesseract; score=19.75
1,2026-09-10T18:21:50.064744+00:00,MM Фантастика HD,Девятки (2007),movie-live-observer,high-confidence OCR; zone=left_bottom; engine=tesseract; score=21.75
1,2026-09-10T20:25:35.142748+00:00,MM Фантастика HD,Груз (2009),movie-live-observer,high-confidence OCR; zone=left_bottom_tight; engine=tesseract; score=13.0
1,2026-09-10T20:25:35.142748+00:00,MM Приключения HD,Ястреб - мститель (1980),movie-live-observer,high-confidence OCR; zone=left_bottom_tight; engine=tesseract; score=18.5
1,2026-09-11T01:29:46.567355+00:00,YOSSO-4K,Фуоззовк,movie-live-observer,high-confidence OCR; zone=top_band; engine=tesseract; score=13.0
1,2026-09-11T01:29:46.567355+00:00,MM Фантастика HD,Тайные пришельцы (1996),movie-live-observer,high-confidence OCR; zone=left_bottom; engine=tesseract; score=18.75
1,2026-09-11T01:29:46.567355+00:00,MM Приключения HD,"2 = Agfa ale laa I"", “i",movie-live-observer,high-confidence OCR; zone=bottom_band; engine=tesseract; score=13.0
1,2026-09-11T12:30:49.704790+00:00,Insomnia HD,И ГАСНЕТ СВЕТ...,movie-live-observer,high-confidence OCR; zone=top_left; engine=tesseract; score=22.75
1,2026-09-11T12:30:49.704790+00:00,MM Ужасы HD,Земля против паука (2001),movie-live-observer,high-confidence OCR; zone=bottom_band; engine=tesseract; score=15.0
1,2026-09-11T14:30:41.154026+00:00,YOSSO-4K,Фуоззовк,movie-live-observer,high-confidence OCR; zone=top_band; engine=tesseract; score=22.0
1,2026-09-11T19:32:51.150592+00:00,VeleS Наше Кино,Спутник (2020),movie-live-observer,high-confidence OCR; zone=bottom_band; engine=tesseract; score=16.75
1,2026-09-11T19:32:51.150592+00:00,BCU Праздники HDR,"Праздники - 3 сезон, 16 серия",movie-live-observer,high-confidence OCR; zone=top_left_tight; engine=tesseract; score=15.75
1,2026-09-11T20:05:29.863304+00:00,VeleS Наше Кино,Спутник (2020),movie-live-observer,high-confidence OCR; zone=bottom_band; engine=tesseract; score=21.75
1,2026-09-11T20:05:29.863304+00:00,VeleS 60FPS,Король Лев (2019),movie-live-observer,high-confidence OCR; zone=bottom_band; engine=tesseract; score=17.25
1,2026-09-11T21:05:23.464869+00:00,BCU Праздники HDR,"Праздники : 1 сезон, 1 серия",movie-live-observer,high-confidence OCR; zone=top_left_tight; engine=tesseract; score=24.75
1,2026-09-11T21:05:23.464869+00:00,YOSSO-4K,{_ линии,movie-live-observer,high-confidence OCR; zone=top_band; engine=tesseract; score=21.25
1,2026-09-11T21:33:07.011744+00:00,Star Media,"Ray APR So, pat",live-verifier,high-confidence OCR from live movie stream
1,2026-09-11T22:05:23.072192+00:00,Звёздные войны,[СЕЛЕНИУ,movie-live-observer,high-confidence OCR; zone=top_band; engine=tesseract; score=21.75
1,2026-09-11T22:05:23.072192+00:00,Premiere HD 2,Моана,movie-live-observer,high-confidence OCR; zone=top_left_tight; engine=tesseract; score=21.25
1,2026-09-11T23:06:00.312935+00:00,Thriller HD,НЕ ГОВОРИ НИКОМУ,movie-live-observer,high-confidence OCR; zone=top_left; engine=tesseract; score=23.5
1,2026-09-11T23:06:00.312935+00:00,MM Ужастик HD,Мурашки | 3-17,movie-live-observer,high-confidence OCR; zone=bottom_band; engine=tesseract; score=12.75
1,2026-09-12T00:06:46.763372+00:00,MM Скорость HD,Форсаж 5 (2011),movie-live-observer,high-confidence OCR; zone=bottom_band; engine=tesseract; score=12.5
1,2026-09-12T00:06:46.763372+00:00,YOSSO-4K,Фуоззок,movie-live-observer,high-confidence OCR; zone=top_band; engine=tesseract; score=21.75
1,2026-09-12T00:06:46.763372+00:00,CPS Western,TRANSPORTATION CO-CAPTAIN TODD NOBLES Цены,movie-live-observer,high-confidence OCR; zone=top_band; engine=tesseract; score=13.0
1,2026-09-12T00:41:12.444387+00:00,MM Ужастик HD,Сказки темной стороны | 2-5,movie-live-observer,high-confidence OCR; zone=bottom_band; engine=tesseract; score=24.75
1,2026-09-12T00:41:12.444387+00:00,MM Ужасы HD,Перерожденные (2024),movie-live-observer,high-confidence OCR; zone=bottom_band; engine=tesseract; score=23.25
1,2026-09-12T01:08:02.719380+00:00,РуКино HD,АВАНПОСТ,movie-live-observer,high-confidence OCR; zone=top_left_tight; engine=tesseract; score=22.0
1,2026-09-12T01:08:02.719380+00:00,VeleS Страшное,Сайлент Хилл (2006),movie-live-observer,high-confidence OCR; zone=bottom_band; engine=tesseract; score=13.75
1,2026-09-12T01:08:02.719380+00:00,VeleS Premiere,Сто лет тому вперед (2024),movie-live-observer,high-confidence OCR; zone=left_bottom_tight; engine=tesseract; score=24.0
1,2026-09-12T01:08:02.719380+00:00,VeleS Гоблин,Матрица (1999),movie-live-observer,high-confidence OCR; zone=bottom_band; engine=tesseract; score=16.75
1,2026-09-12T01:08:02.719380+00:00,Tricolor Cinema 7,Стражи Галактики. Праздничный спецвыпуск (2022),movie-live-observer,high-confidence OCR; zone=left_bottom_tight; engine=tesseract; score=25.0
1,2026-09-12T01:08:02.719380+00:00,MM Ужасы HD,Ключ от тайной комнаты (2006),movie-live-observer,high-confidence OCR; zone=bottom_band; engine=tesseract; score=24.75
1,2026-09-12T01:08:02.719380+00:00,CPS Western,Feber att EN Eins 2:,movie-live-observer,high-confidence OCR; zone=bottom_band; engine=tesseract; score=13.5
1,2026-09-12T02:21:00.643764+00:00,Кино и Жизнь,Грязные деньги,movie-live-observer,high-confidence OCR; zone=top_left_tight; engine=tesseract; score=14.25
1,2026-09-12T03:06:24.580816+00:00,MM NewFilm RU HD,Пропасть (2026),movie-live-observer,high-confidence OCR; zone=left_bottom_tight; engine=tesseract; score=22.0
1,2026-09-12T03:06:24.580816+00:00,YOSSO-4K,Фуоззовк,movie-live-observer,high-confidence OCR; zone=top_band; engine=tesseract; score=22.0
1,2026-09-12T03:06:24.580816+00:00,MM Стивен Кинг HD,Игра Джералда (2017),movie-live-observer,high-confidence OCR; zone=bottom_band; engine=tesseract; score=14.0
1,2026-09-12T04:06:04.299474+00:00,YOSSO-4K,(@лозойк,movie-live-observer,high-confidence OCR; zone=top_band; engine=tesseract; score=21.5
1,2026-09-12T05:05:44.486618+00:00,Insomnia HD,БАБАДУК,movie-live-observer,high-confidence OCR; zone=top_left; engine=tesseract; score=21.75
1,2026-09-12T05:05:44.486618+00:00,YOSSO-4K,‘ Fee ana RNR i G \ \ moe NG,movie-live-observer,high-confidence OCR; zone=bottom_band; engine=tesseract; score=14.0
1,2026-09-12T07:06:55.479795+00:00,Premiere HD 3,Всего одна ночь,movie-live-observer,high-confidence OCR; zone=top_left_tight; engine=tesseract; score=23.25
1,2026-09-12T08:05:25.982847+00:00,РуКино HD,БЕЗ МЕНЯ,movie-live-observer,high-confidence OCR; zone=top_left_tight; engine=tesseract; score=21.75
1,2026-09-12T08:05:25.982847+00:00,TVPlay DC Comics HD,ЧУДО-ЖЕНЩИНА 1984 2020,movie-live-observer,high-confidence OCR; zone=left_bottom_tight; engine=tesseract; score=22.75
1,2026-09-12T08:05:25.982847+00:00,YOSSO-4K,@уоззок,movie-live-observer,high-confidence OCR; zone=top_band; engine=tesseract; score=21.5
1,2026-09-12T09:06:40.313404+00:00,YOSSO-4K,@лозко,movie-live-observer,high-confidence OCR; zone=top_band; engine=tesseract; score=21.25
1,2026-09-12T10:06:19.942795+00:00,Thriller HD,BEN LeDOUX,movie-live-observer,high-confidence OCR; zone=top_left; engine=tesseract; score=17.25
1,2026-09-12T10:06:19.942795+00:00,VeleS Movie Hits,Бойцовский клуб,movie-live-observer,high-confidence OCR; zone=bottom_band; engine=tesseract; score=18.5
1,2026-09-12T10:06:19.942795+00:00,MM Ужасы HD,Роковой выбор (2007),movie-live-observer,high-confidence OCR; zone=bottom_band; engine=tesseract; score=23.0
1,2026-09-12T10:06:19.942795+00:00,MM Супергерои HD,Супермен (2025),movie-live-observer,high-confidence OCR; zone=left_bottom_tight; engine=tesseract; score=22.0
1,2026-09-12T10:06:19.942795+00:00,MM Стивен Кинг HD,Институт | 1-3,movie-live-observer,high-confidence OCR; zone=bottom_band; engine=tesseract; score=22.0
1,2026-09-12T11:06:14.936395+00:00,MM Супергерои HD,Супермен (2025),movie-live-observer,high-confidence OCR; zone=left_bottom_tight; engine=tesseract; score=22.0
1,2026-09-12T11:06:14.936395+00:00,YOSSO-4K,Флоззойю,movie-live-observer,high-confidence OCR; zone=top_band; engine=tesseract; score=22.0
1,2026-09-12T13:07:10.274292+00:00,Кино Топ,прое,movie-live-observer,high-confidence OCR; zone=top_band; engine=tesseract; score=13.0
1,2026-09-12T13:07:10.274292+00:00,MM 007 HD,Живи и дай умереть (1973),movie-live-observer,high-confidence OCR; zone=left_bottom_tight; engine=tesseract; score=23.75
1,2026-09-12T13:07:10.274292+00:00,MM Honey HD,Маша и Медве,movie-live-observer,high-confidence OCR; zone=left_bottom; engine=tesseract; score=22.5
1,2026-09-12T13:07:10.274292+00:00,MM Супергерои HD,Супергёрл (2026),movie-live-observer,high-confidence OCR; zone=bottom_band; engine=tesseract; score=17.25
1,2026-09-12T14:07:05.349149+00:00,MM USSR 1941-1945 HD,Время выбрало нас | 1979,movie-live-observer,high-confidence OCR; zone=bottom_band; engine=tesseract; score=14.75
1,2026-09-12T14:07:05.349149+00:00,BOX Relax 4K,разн,movie-live-observer,high-confidence OCR; zone=bottom_band; engine=tesseract; score=18.0
1,2026-09-12T15:06:41.493031+00:00,YOSSO-4K,Фуоззовк,movie-live-observer,high-confidence OCR; zone=top_band; engine=tesseract; score=22.0
1,2026-09-12T16:06:46.979793+00:00,CPS Anime,(фильм второй),movie-live-observer,high-confidence OCR; zone=bottom_band; engine=tesseract; score=13.75
1,2026-09-12T17:19:20.042537+00:00,Premiere HD 2,РЕЕМТЕВЕ [1,movie-live-observer,high-confidence OCR; zone=top_band; engine=tesseract; score=17.0
1,2026-09-12T17:19:20.042537+00:00,Premiere HD 3,Всего одна ночь,movie-live-observer,high-confidence OCR; zone=top_band; engine=tesseract; score=18.25
1,2026-09-12T17:19:20.042537+00:00,YOSSO-4K,@уоззок,movie-live-observer,high-confidence OCR; zone=top_band; engine=tesseract; score=21.5
1,2026-09-12T18:06:29.715722+00:00,CPS Western,WHITE MOUNTAIN APACHE TRIBE,movie-live-observer,high-confidence OCR; zone=bottom_band; engine=tesseract; score=20.0
1,2026-09-12T19:06:12.160490+00:00,Premiere HD 2,Моана,movie-live-observer,high-confidence OCR; zone=top_band; engine=tesseract; score=21.25
1,2026-09-12T19:06:12.160490+00:00,РуКино HD,МЕСТО!,movie-live-observer,high-confidence OCR; zone=top_left_tight; engine=tesseract; score=21.25
1,2026-09-12T19:06:12.160490+00:00,MM Триллер HD,Закат убийцы (2025),movie-live-observer,high-confidence OCR; zone=bottom_band; engine=tesseract; score=13.75
1,2026-09-12T21:07:49.075750+00:00,Thriller HD,ОСНОВНОЙ ИНСТИНКТ,movie-live-observer,high-confidence OCR; zone=top_left; engine=tesseract; score=24.0
1,2026-09-12T21:07:49.075750+00:00,BOX Relax 4K,реке,movie-live-observer,high-confidence OCR; zone=bottom_band; engine=tesseract; score=18.0
1,2026-09-12T22:06:29.296985+00:00,VeleS Криминальный,Убийца (2023),movie-live-observer,high-confidence OCR; zone=bottom_band; engine=tesseract; score=16.5
1,2026-09-12T22:06:29.296985+00:00,YOSSO-4K,Bash aces PIES ERAS SPO SORT HAT = EE,movie-live-observer,high-confidence OCR; zone=top_band; engine=tesseract; score=18.0
1,2026-09-12T13:46:00-07:00,USSR HD,Следствие ведут знатоки,user-live,direct TV observation; mapped EPG showed wrong programme Асса
1,2026-09-12T13:46:00-07:00,YOSSO TV Советские фильмы,Вертикаль,user-live,direct TV observation; no current EPG
1,2026-09-12T13:46:00-07:00,MM USSR Детектив HD,Визит к Минотавру 3,user-live,direct TV observation; provider title may include х/ф prefix
1,2026-09-12T23:15:07.715676+00:00,Premiere HD 4,Суперкопы 80,movie-live-observer,high-confidence OCR; zone=top_left_tight; engine=tesseract; score=22.25
1,2026-09-12T23:15:07.715676+00:00,BCU Unity 2 HDR,СССР.,movie-live-observer,high-confidence OCR; zone=top_band; engine=tesseract; score=13.0
1,2026-09-12T23:15:07.715676+00:00,BOX Relax 4K,BUX RELAY У,movie-live-observer,high-confidence OCR; zone=top_band; engine=tesseract; score=14.25
1,2026-09-13T00:19:55.806502+00:00,Кино и Жизнь,Молодой Шерлок,movie-live-observer,high-confidence OCR; zone=top_left_tight; engine=tesseract; score=23.25
1,2026-09-13T00:19:55.806502+00:00,YOSSO-4K,Фуоззок,movie-live-observer,high-confidence OCR; zone=top_band; engine=tesseract; score=21.75
1,2026-09-13T00:19:55.806502+00:00,BOX Serial 4K,"Рынок - 1 сезон, 3 серия",movie-live-observer,high-confidence OCR; zone=top_band; engine=tesseract; score=14.75
1,2026-09-13T00:41:24.161993+00:00,Кинодром,СЕБЕНЫЕХ,live-verifier,high-confidence OCR from live movie stream
1,2026-09-13T01:20:30.527563+00:00,Premiere HD 2,Моана,movie-live-observer,high-confidence OCR; zone=top_left; engine=tesseract; score=16.25
1,2026-09-13T02:19:22.088144+00:00,BCU FilMystic HD,Поворот нет,movie-live-observer,high-confidence OCR; zone=top_left_tight; engine=tesseract; score=13.5
1,2026-09-13T02:19:22.088144+00:00,BCU Russian HD,22 минут,movie-live-observer,high-confidence OCR; zone=top_left_tight; engine=tesseract; score=21.25
1,2026-09-13T03:14:36.896280+00:00,TVPlay DC Comics HD,АКВАМЕН 2018,movie-live-observer,high-confidence OCR; zone=left_bottom_tight; engine=tesseract; score=21.75
1,2026-09-13T03:14:36.896280+00:00,BOX Relax 4K,RELAXATION FILM,movie-live-observer,high-confidence OCR; zone=left_bottom_tight; engine=tesseract; score=13.5
1,2026-09-13T04:14:09.284212+00:00,Premiere HD 2,Моана,movie-live-observer,high-confidence OCR; zone=top_left_tight; engine=tesseract; score=16.25
1,2026-09-13T04:14:09.284212+00:00,VeleS 60FPS,Начало (2010),movie-live-observer,high-confidence OCR; zone=bottom_band; engine=tesseract; score=21.5
1,2026-09-13T05:04:20.643105+00:00,DITV Concert,обла,movie-live-observer,high-confidence OCR; zone=top_band; engine=tesseract; score=13.0
1,2026-09-13T07:04:55.402161+00:00,DITV КОМЕДИИ 90-х,Джуманджи (1995),movie-live-observer,high-confidence OCR; zone=bottom_band; engine=tesseract; score=17.25
1,2026-09-13T08:03:24.124982+00:00,Insomnia HD,ЛИМБ,movie-live-observer,high-confidence OCR; zone=top_left; engine=tesseract; score=18.0
1,2026-09-13T08:03:24.124982+00:00,РуКино HD,ДЕВЯТАЯ,movie-live-observer,high-confidence OCR; zone=top_left_tight; engine=tesseract; score=21.75
1,2026-09-13T08:03:24.124982+00:00,DITV Американские комедии 80-90-х,мерику,movie-live-observer,high-confidence OCR; zone=left_bottom; engine=tesseract; score=16.5
1,2026-09-13T08:03:24.124982+00:00,DITV КЛАССИКА ИНДИЙСКОГО КИНО,Танцор Диско (1,movie-live-observer,high-confidence OCR; zone=left_bottom_tight; engine=tesseract; score=17.75
1,2026-09-13T08:03:24.124982+00:00,MM Ужасы HD,Рога (2013),movie-live-observer,high-confidence OCR; zone=bottom_band; engine=tesseract; score=18.0
1,2026-09-13T10:01:33.861663+00:00,DITV СССР 4К,12 стульев(19У6),live-verifier,high-confidence OCR from live movie stream
1,2026-09-13T10:14:36.968815+00:00,DITV КЛАССИКА ИНДИЙСКОГО КИНО,OD Pon sail,movie-live-observer,high-confidence OCR; zone=bottom_band; engine=tesseract; score=12.25
1,2026-09-13T12:02:34.606177+00:00,DITV КОМЕДИИ,Амели (2001),movie-live-observer,high-confidence OCR; zone=left_bottom; engine=tesseract; score=16.25
1,2026-09-13T12:02:34.606177+00:00,DITV СССР 4К,Собачье сердце (1988),movie-live-observer,high-confidence OCR; zone=bottom_band; engine=tesseract; score=18.25
1,2026-09-13T15:02:05.440084+00:00,VHS HD,НАЗАД В БУДУЩЕЕ 3,movie-live-observer,high-confidence OCR; zone=top_left_tight; engine=tesseract; score=23.25
1,2026-09-13T15:02:05.440084+00:00,РуКино HD,ВТОРЖЕНИЕ,movie-live-observer,high-confidence OCR; zone=top_left_tight; engine=tesseract; score=22.25
1,2026-09-13T15:02:05.440084+00:00,DITV Про акул,Крейсер,movie-live-observer,high-confidence OCR; zone=bottom_band; engine=tesseract; score=16.75
1,2026-09-13T15:02:05.440084+00:00,DITV КОМЕДИИ,Чудо в камере № 7,movie-live-observer,high-confidence OCR; zone=bottom_band; engine=tesseract; score=17.75
1,2026-09-13T16:01:41.067884+00:00,DITV КОМЕДИИ 90-х,Убрать перископ (1996),movie-live-observer,high-confidence OCR; zone=left_bottom_tight; engine=tesseract; score=18.5
1,2026-09-13T16:01:41.067884+00:00,DITV КОМЕДИИ СССР,Три плюс два (1963),movie-live-observer,high-confidence OCR; zone=left_bottom; engine=tesseract; score=17.5
1,2026-09-13T16:01:41.067884+00:00,DITV Walt Disney,Рева 1,movie-live-observer,high-confidence OCR; zone=top_left_tight; engine=tesseract; score=18.0
1,2026-09-13T17:02:55.211998+00:00,Thriller HD,BD PREMIERE GROUP,movie-live-observer,high-confidence OCR; zone=top_band; engine=tesseract; score=13.75
1,2026-09-13T17:02:55.211998+00:00,DITV ФИЛЬМЫ,БРАТ (1997),movie-live-observer,high-confidence OCR; zone=left_bottom; engine=tesseract; score=13.0
1,2026-09-13T18:03:21.393898+00:00,MM Ужасы HD,Дом ада. Спуск к дьяволу (2025),movie-live-observer,high-confidence OCR; zone=left_bottom_tight; engine=tesseract; score=19.75
1,2026-09-13T18:03:21.393898+00:00,MM Погружение HD,Кит-убийца (2026),movie-live-observer,high-confidence OCR; zone=bottom_band; engine=tesseract; score=17.25
1,2026-09-13T19:04:38.969867+00:00,DITV КЛАССИКА ИНДИЙСКОГО КИНО,Танцор диско (1982),movie-live-observer,high-confidence OCR; zone=left_bottom; engine=tesseract; score=17.75
1,2026-09-13T20:06:24.713157+00:00,Premiere HD 2,Моана,movie-live-observer,high-confidence OCR; zone=top_left_tight; engine=tesseract; score=21.25
1,2026-09-13T20:06:24.713157+00:00,DITV КОМЕДИИ,комедий,movie-live-observer,high-confidence OCR; zone=top_band; engine=tesseract; score=16.75
1,2026-09-13T20:06:24.713157+00:00,MM Погружение HD,Заклинательница акул (2012),movie-live-observer,high-confidence OCR; zone=left_bottom_tight; engine=tesseract; score=19.75
1,2026-09-13T21:07:37.627035+00:00,DITV ФИЛЬМЫ,Жених (2016),movie-live-observer,high-confidence OCR; zone=bottom_band; engine=tesseract; score=16.25
1,2026-09-13T21:07:37.627035+00:00,MM Катастрофа HD,Пылающее море (2021),movie-live-observer,high-confidence OCR; zone=bottom_band; engine=tesseract; score=18.0
1,2026-09-13T21:07:37.627035+00:00,MM Flip UHD,Зараза | 2025,movie-live-observer,high-confidence OCR; zone=left_bottom_tight; engine=tesseract; score=21.5
1,2026-09-13T22:07:54.518249+00:00,MM Катастрофа HD,тоста,movie-live-observer,high-confidence OCR; zone=top_band; engine=tesseract; score=16.25
1,2026-09-13T22:07:54.518249+00:00,MM Flip UHD,Балерина | 2025,movie-live-observer,high-confidence OCR; zone=left_bottom_tight; engine=tesseract; score=22.0
1,2026-09-13T23:08:10.070283+00:00,DITV Про акул,Отмель,movie-live-observer,high-confidence OCR; zone=bottom_band; engine=tesseract; score=21.5
1,2026-09-13T23:08:10.070283+00:00,DITV КОМЕДИИ 90-х,Голый пистолет 2 1/2: Запах en oe,movie-live-observer,high-confidence OCR; zone=bottom_band; engine=tesseract; score=18.0
1,2026-09-13T23:08:10.070283+00:00,DITV КОМЕДИИ,Достать коротышку,movie-live-observer,high-confidence OCR; zone=bottom_band; engine=tesseract; score=19.0
1,2026-09-14T00:08:07.696240+00:00,РуКино HD,ДВОЕ,movie-live-observer,high-confidence OCR; zone=top_left_tight; engine=tesseract; score=18.0
1,2026-09-14T00:08:07.696240+00:00,DITV ФИЛЬМЫ УЖАСОВ 80-х,Нечто (1982),movie-live-observer,high-confidence OCR; zone=left_bottom_tight; engine=tesseract; score=16.25
1,2026-09-14T00:08:07.696240+00:00,MM Катастрофа HD,ожае,movie-live-observer,high-confidence OCR; zone=top_band; engine=tesseract; score=18.0
1,2026-09-14T01:10:56.580344+00:00,Premiere HD 2,Моана,movie-live-observer,high-confidence OCR; zone=top_left; engine=tesseract; score=16.25
1,2026-09-14T01:10:56.580344+00:00,VeleS С Новым годом!,Елки новые (2017),movie-live-observer,high-confidence OCR; zone=left_bottom_tight; engine=tesseract; score=22.25
1,2026-09-14T02:11:49.749281+00:00,MM Translation HD,4 `ФфФоФФс,movie-live-observer,high-confidence OCR; zone=top_band; engine=tesseract; score=12.75
1,2026-09-14T03:14:33.084145+00:00,Thriller HD,УМЕРЕТЬ ЗАНОВО,movie-live-observer,high-confidence OCR; zone=top_left_tight; engine=tesseract; score=18.25
1,2026-09-14T03:14:33.084145+00:00,BCU Action HD,Рейс навылет (2024),movie-live-observer,high-confidence OCR; zone=top_left; engine=tesseract; score=17.75
1,2026-09-14T03:14:33.084145+00:00,MM Катастрофа HD,Зверест (2015),movie-live-observer,high-confidence OCR; zone=bottom_band; engine=tesseract; score=16.75
1,2026-09-14T03:38:32.956268+00:00,DITV СССР 4К,РЬелые росы (1983),live-verifier,high-confidence OCR from live movie stream
1,2026-09-14T06:12:30.904072+00:00,Premiere HD 2,Моана,movie-live-observer,high-confidence OCR; zone=top_left; engine=tesseract; score=21.25
1,2026-09-14T06:12:30.904072+00:00,BCU Kinorating HD,Таксист (2017),movie-live-observer,high-confidence OCR; zone=top_left; engine=tesseract; score=16.75
1,2026-09-14T06:43:11.216150+00:00,DITV СССР 4К,{ АННЫ,live-verifier,high-confidence OCR from live movie stream
1,2026-09-14T07:16:03.062037+00:00,Insomnia HD,ЖАТВА,movie-live-observer,high-confidence OCR; zone=top_band; engine=tesseract; score=16.25
1,2026-09-14T07:16:03.062037+00:00,Bear TV КиноМаяк RU UHD,< С van Ц ^ “pee BEAR | 0,movie-live-observer,high-confidence OCR; zone=top_band; engine=tesseract; score=15.0
1,2026-09-14T08:09:53.269289+00:00,YOSSO-4K,Фуоззок,movie-live-observer,high-confidence OCR; zone=top_band; engine=tesseract; score=21.75
1,2026-09-14T09:10:47.548290+00:00,Bear TV КиноМаяк RU UHD,инет,movie-live-observer,high-confidence OCR; zone=top_left; engine=tesseract; score=13.0
1,2026-09-14T10:10:07.882969+00:00,Дом Кино,Перси,movie-live-observer,high-confidence OCR; zone=top_band; engine=tesseract; score=16.25
1,2026-09-14T12:04:11.464422+00:00,DITV КОМЕДИИ,Амели (2001),movie-live-observer,high-confidence OCR; zone=bottom_band; engine=tesseract; score=21.25
1,2026-09-14T14:03:54.035486+00:00,DITV КОМЕДИИ,Чудо в камере № 7,movie-live-observer,high-confidence OCR; zone=left_bottom; engine=tesseract; score=17.75
1,2026-09-14T16:03:16.593886+00:00,DITV КОМЕДИИ,Друзья: Воссоединени,movie-live-observer,high-confidence OCR; zone=bottom_band; engine=tesseract; score=19.5
1,2026-09-14T16:03:16.593886+00:00,DITV КЛАССИКА ИНДИЙСКОГО КИНО,moserbacy,movie-live-observer,high-confidence OCR; zone=top_left_tight; engine=tesseract; score=12.25
1,2026-09-14T18:02:22.394177+00:00,DITV Concert,САДКО,movie-live-observer,high-confidence OCR; zone=top_band; engine=tesseract; score=21.25
1,2026-09-14T19:05:09.232281+00:00,Thriller HD,СТОРОЖКА,movie-live-observer,high-confidence OCR; zone=top_left_tight; engine=tesseract; score=22.0
1,2026-09-14T19:05:09.232281+00:00,DITV КОМЕДИИ 90-х,= = KOME BUTT,movie-live-observer,high-confidence OCR; zone=top_band; engine=tesseract; score=12.0
1,2026-09-14T19:05:09.232281+00:00,DITV Walt Disney,"бела""",movie-live-observer,high-confidence OCR; zone=top_band; engine=tesseract; score=13.0
1,2026-09-14T20:02:56.696794+00:00,DITV КОМЕДИИ,Амели (2001),movie-live-observer,high-confidence OCR; zone=left_bottom; engine=tesseract; score=16.25
1,2026-09-14T21:03:34.055157+00:00,VHS HD,ЗЛОВЕЩИЕ МЕРТВЕЦЫ 2,movie-live-observer,high-confidence OCR; zone=top_left_tight; engine=tesseract; score=24.0
1,2026-09-14T21:03:34.055157+00:00,Кинолаффка HD,Биение серд,movie-live-observer,high-confidence OCR; zone=top_band; engine=tesseract; score=17.5
1,2026-09-14T22:03:01.687298+00:00,DITV Про вампиров,Почти стемнело,movie-live-observer,high-confidence OCR; zone=bottom_band; engine=tesseract; score=23.25
1,2026-09-14T23:02:58.535529+00:00,Thriller HD,ЗАПАДНЯ ДЛЯ ДБЯВОЛА,movie-live-observer,high-confidence OCR; zone=top_left_tight; engine=tesseract; score=24.25
1,2026-09-14T23:02:58.535529+00:00,DITV КЛАССИКА ИНДИЙСКОГО КИНО,Танцор. диске (15,movie-live-observer,high-confidence OCR; zone=left_bottom; engine=tesseract; score=17.75
1,2026-09-15T02:05:36.963831+00:00,DITV КЛАССИКА ИНДИЙСКОГО КИНО,Танцор диско (1982),movie-live-observer,high-confidence OCR; zone=bottom_band; engine=tesseract; score=17.75
1,2026-09-15T04:04:46.470447+00:00,DITV КЛАССИКА ИНДИЙСКОГО КИНО,Танцор диско (19,movie-live-observer,high-confidence OCR; zone=left_bottom; engine=tesseract; score=17.75
1,2026-09-15T04:04:46.470447+00:00,DITV Concert,1 ВИРТ,movie-live-observer,high-confidence OCR; zone=top_left_tight; engine=tesseract; score=13.0
1,2026-09-15T05:05:15.237571+00:00,DITV Про вампиров,полн,movie-live-observer,high-confidence OCR; zone=left_bottom; engine=tesseract; score=13.0
1,2026-09-15T06:04:36.840863+00:00,DITV ФИЛЬМЫ,БРАТ (1997),movie-live-observer,high-confidence OCR; zone=bottom_band; engine=tesseract; score=18.0
1,2026-09-15T06:04:36.840863+00:00,DITV КЛАССИКА ИНДИЙСКОГО КИНО,Танцор Виско (1982),movie-live-observer,high-confidence OCR; zone=left_bottom; engine=tesseract; score=22.75
1,2026-09-15T07:07:27.614276+00:00,DITV Про акул,Заклинательница акул,movie-live-observer,high-confidence OCR; zone=left_bottom_tight; engine=tesseract; score=19.75
1,2026-09-15T08:03:28.106386+00:00,TVPlay Indian Cinema,чанони 1989 мелодрама,movie-live-observer,high-confidence OCR; zone=bottom_band; engine=tesseract; score=18.75
1,2026-09-15T08:03:28.106386+00:00,TVPlay Авторский перевод HD,Дракула Брэма Стокера Т992 Ужасы,movie-live-observer,high-confidence OCR; zone=bottom_band; engine=tesseract; score=20.0
1,2026-09-15T08:03:28.106386+00:00,Новый Русский HD,= « Bay: к eae > ENB yee <a I,movie-live-observer,high-confidence OCR; zone=top_band; engine=tesseract; score=15.75
1,2026-09-15T09:04:13.184670+00:00,TVPlay Indian Cinema,пру=оворённыц 1939,movie-live-observer,high-confidence OCR; zone=left_bottom_tight; engine=tesseract; score=18.0
1,2026-09-15T09:04:13.184670+00:00,Star Family HD,БИЗНЕСОВ,movie-live-observer,high-confidence OCR; zone=top_left_tight; engine=tesseract; score=17.0
1,2026-09-15T09:04:13.184670+00:00,TVPlay Авторский перевод HD,Дракула Брэма Стокера 1998 Ужасы,movie-live-observer,high-confidence OCR; zone=left_bottom_tight; engine=tesseract; score=20.0
1,2026-09-15T11:02:27.580291+00:00,Amazon Prime Romance,атагоп,movie-live-observer,high-confidence OCR; zone=top_band; engine=tesseract; score=16.5
1,2026-09-15T11:02:27.580291+00:00,Star Family HD,КУЛИН,movie-live-observer,high-confidence OCR; zone=bottom_band; engine=tesseract; score=16.25
1,2026-09-15T13:03:08.104210+00:00,Star Family HD,PWeiiiil = <,movie-live-observer,high-confidence OCR; zone=top_left; engine=tesseract; score=12.0
1,2026-09-15T14:00:38.032895+00:00,Insomnia HD,БЕЛЫЙ ШУМ,movie-live-observer,high-confidence OCR; zone=top_left; engine=tesseract; score=17.0
1,2026-09-15T15:00:25.054220+00:00,РуКино HD,EMIERE GROUP,movie-live-observer,high-confidence OCR; zone=top_band; engine=tesseract; score=12.75
1,2026-09-15T15:00:25.054220+00:00,Star Family HD,Фильм создан на произв,movie-live-observer,high-confidence OCR; zone=top_left_tight; engine=tesseract; score=19.75
1,2026-09-15T16:59:17.743891+00:00,Star Family HD,verti,movie-live-observer,high-confidence OCR; zone=top_left_tight; engine=tesseract; score=16.25
1,2026-09-15T16:59:17.743891+00:00,MM Семейный 1 HD,Зубная фея 2 (2012),movie-live-observer,high-confidence OCR; zone=left_bottom_tight; engine=tesseract; score=13.25
1,2026-09-15T17:58:24.559632+00:00,MM Семейный 1 HD,Зубная фея 2 (2012),movie-live-observer,high-confidence OCR; zone=left_bottom_tight; engine=tesseract; score=22.25
